Patient_ID	WHSC1_Tx_Call	CCND3_Tx_Call	MAFA_Tx_Call	MYC_Tx_Call	CCND1_Tx_Call	CCND2_Tx_Call	MAF_Tx_Call	MAFB_Tx_Call	Cp_1q21_Call	Cp_13q14_Call	Cp_13q34_Call	Cp_17p13_Call	Cp_11p15_Call	Cp_15q15_Call	Cp_19q13_Call	Cp_20p12_Call	Cp_21q22_Call	Cp_3q21_Call	Cp_5q31_Call	Cp_7q22_Call	Cp_9q33_Call
MMRF_1007	NA	NA	NA	NA	NA	NA	NA	NA	NA	NA	NA	NA	NA	NA	NA	NA	NA	NA	NA	NA	NA
MMRF_1011	NA	NA	NA	NA	NA	NA	NA	NA	NA	NA	NA	NA	NA	NA	NA	NA	NA	NA	NA	NA	NA
MMRF_1013	NA	NA	NA	NA	NA	NA	NA	NA	NA	NA	NA	NA	NA	NA	NA	NA	NA	NA	NA	NA	NA
MMRF_1014	NA	NA	NA	NA	NA	NA	NA	NA	NA	NA	NA	NA	NA	NA	NA	NA	NA	NA	NA	NA	NA
MMRF_1016	1	0	0	0	0	0	0	0	1	1	1	0	0	1	1	0	0	1	1	0	1
MMRF_1017	NA	NA	NA	NA	NA	NA	NA	NA	NA	NA	NA	NA	NA	NA	NA	NA	NA	NA	NA	NA	NA
MMRF_1018	NA	NA	NA	NA	NA	NA	NA	NA	NA	NA	NA	NA	NA	NA	NA	NA	NA	NA	NA	NA	NA
MMRF_1020	NA	NA	NA	NA	NA	NA	NA	NA	NA	NA	NA	NA	NA	NA	NA	NA	NA	NA	NA	NA	NA
MMRF_1021	1	0	0	0	0	0	0	0	1	1	1	0	0	0	1	0	0	0	0	0	0
MMRF_1024	NA	NA	NA	NA	NA	NA	NA	NA	NA	NA	NA	NA	NA	NA	NA	NA	NA	NA	NA	NA	NA
MMRF_1029	0	0	0	0	0	0	0	0	0	1	1	0	1	0	1	0	1	1	0	0	1
MMRF_1030	0	0	0	1	0	0	0	0	0	0	0	0	1	1	1	0	1	0	1	0	1
MMRF_1031	0	0	0	0	0	0	0	0	1	1	1	0	1	1	1	0	0	1	1	1	1
MMRF_1032	0	0	0	0	0	0	0	0	0	0	0	0	0	1	1	0	0	0	1	0	0
MMRF_1033	0	0	0	0	0	0	0	0	0	0	0	0	1	1	1	0	1	0	1	0	1
MMRF_1034	NA	NA	NA	NA	NA	NA	NA	NA	NA	NA	NA	NA	NA	NA	NA	NA	NA	NA	NA	NA	NA
MMRF_1037	0	0	0	0	0	0	0	0	0	0	0	0	1	1	1	0	0	1	1	0	1
MMRF_1038	0	0	0	0	0	0	0	0	NA	NA	NA	NA	NA	NA	NA	NA	NA	NA	NA	NA	NA
MMRF_1039	NA	NA	NA	NA	NA	NA	NA	NA	NA	NA	NA	NA	NA	NA	NA	NA	NA	NA	NA	NA	NA
MMRF_1041	NA	NA	NA	NA	NA	NA	NA	NA	NA	NA	NA	NA	NA	NA	NA	NA	NA	NA	NA	NA	NA
MMRF_1042	NA	NA	NA	NA	NA	NA	NA	NA	NA	NA	NA	NA	NA	NA	NA	NA	NA	NA	NA	NA	NA
MMRF_1044	NA	NA	NA	NA	NA	NA	NA	NA	NA	NA	NA	NA	NA	NA	NA	NA	NA	NA	NA	NA	NA
MMRF_1045	0	0	0	0	0	0	0	0	1	0	0	0	1	0	0	0	0	1	0	0	0
MMRF_1046	NA	NA	NA	NA	NA	NA	NA	NA	NA	NA	NA	NA	NA	NA	NA	NA	NA	NA	NA	NA	NA
MMRF_1048	1	0	0	0	0	0	0	0	0	1	1	0	0	0	0	0	0	0	0	0	0
MMRF_1049	0	0	0	0	0	0	0	0	1	0	0	0	1	1	1	0	1	1	1	1	1
MMRF_1052	NA	NA	NA	NA	NA	NA	NA	NA	NA	NA	NA	NA	NA	NA	NA	NA	NA	NA	NA	NA	NA
MMRF_1054	0	0	0	0	1	0	0	0	0	0	0	0	0	0	0	0	0	0	0	0	0
MMRF_1055	0	0	0	1	0	0	0	0	1	0	0	0	1	1	1	0	0	1	1	0	1
MMRF_1056	NA	NA	NA	NA	NA	NA	NA	NA	NA	NA	NA	NA	NA	NA	NA	NA	NA	NA	NA	NA	NA
MMRF_1057	NA	NA	NA	NA	NA	NA	NA	NA	NA	NA	NA	NA	NA	NA	NA	NA	NA	NA	NA	NA	NA
MMRF_1059	NA	NA	NA	NA	NA	NA	NA	NA	NA	NA	NA	NA	NA	NA	NA	NA	NA	NA	NA	NA	NA
MMRF_1060	NA	NA	NA	NA	NA	NA	NA	NA	NA	NA	NA	NA	NA	NA	NA	NA	NA	NA	NA	NA	NA
MMRF_1061	NA	NA	NA	NA	NA	NA	NA	NA	NA	NA	NA	NA	NA	NA	NA	NA	NA	NA	NA	NA	NA
MMRF_1064	NA	NA	NA	NA	NA	NA	NA	NA	NA	NA	NA	NA	NA	NA	NA	NA	NA	NA	NA	NA	NA
MMRF_1065	NA	NA	NA	NA	NA	NA	NA	NA	NA	NA	NA	NA	NA	NA	NA	NA	NA	NA	NA	NA	NA
MMRF_1067	NA	NA	NA	NA	NA	NA	NA	NA	NA	NA	NA	NA	NA	NA	NA	NA	NA	NA	NA	NA	NA
MMRF_1068	0	0	0	1	0	0	0	0	0	0	0	0	1	1	1	0	0	1	1	1	1
MMRF_1070	NA	NA	NA	NA	NA	NA	NA	NA	NA	NA	NA	NA	NA	NA	NA	NA	NA	NA	NA	NA	NA
MMRF_1071	NA	NA	NA	NA	NA	NA	NA	NA	NA	NA	NA	NA	NA	NA	NA	NA	NA	NA	NA	NA	NA
MMRF_1072	NA	NA	NA	NA	NA	NA	NA	NA	NA	NA	NA	NA	NA	NA	NA	NA	NA	NA	NA	NA	NA
MMRF_1073	0	0	0	0	0	0	0	0	0	0	0	0	1	1	1	0	1	1	1	1	1
MMRF_1074	NA	NA	NA	NA	NA	NA	NA	NA	NA	NA	NA	NA	NA	NA	NA	NA	NA	NA	NA	NA	NA
MMRF_1076	NA	NA	NA	NA	NA	NA	NA	NA	NA	NA	NA	NA	NA	NA	NA	NA	NA	NA	NA	NA	NA
MMRF_1077	NA	NA	NA	NA	NA	NA	NA	NA	0	1	1	1	1	1	1	0	0	1	1	1	1
MMRF_1078	NA	NA	NA	NA	NA	NA	NA	NA	1	1	1	0	1	0	1	0	0	1	0	1	1
MMRF_1079	0	0	0	0	0	0	0	0	1	1	1	0	1	1	1	0	1	1	1	1	1
MMRF_1080	NA	NA	NA	NA	NA	NA	NA	NA	NA	NA	NA	NA	NA	NA	NA	NA	NA	NA	NA	NA	NA
MMRF_1082	0	0	0	0	1	0	0	0	1	0	0	0	0	0	0	0	0	1	0	0	0
MMRF_1084	NA	NA	NA	NA	NA	NA	NA	NA	NA	NA	NA	NA	NA	NA	NA	NA	NA	NA	NA	NA	NA
MMRF_1085	NA	NA	NA	NA	NA	NA	NA	NA	NA	NA	NA	NA	NA	NA	NA	NA	NA	NA	NA	NA	NA
MMRF_1086	0	0	0	1	0	0	0	0	0	1	1	1	1	1	1	0	1	1	1	1	1
MMRF_1088	NA	NA	NA	NA	NA	NA	NA	NA	NA	NA	NA	NA	NA	NA	NA	NA	NA	NA	NA	NA	NA
MMRF_1089	0	0	0	0	0	0	0	0	1	0	0	0	1	1	1	1	1	1	1	1	1
MMRF_1090	0	0	0	0	0	1	0	0	0	0	0	0	0	0	1	0	0	0	1	1	1
MMRF_1092	0	0	0	0	0	0	0	0	0	0	0	0	1	1	1	0	0	1	1	1	1
MMRF_1093	NA	NA	NA	NA	NA	NA	NA	NA	NA	NA	NA	NA	NA	NA	NA	NA	NA	NA	NA	NA	NA
MMRF_1094	NA	NA	NA	NA	NA	NA	NA	NA	NA	NA	NA	NA	NA	NA	NA	NA	NA	NA	NA	NA	NA
MMRF_1095	NA	NA	NA	NA	NA	NA	NA	NA	NA	NA	NA	NA	NA	NA	NA	NA	NA	NA	NA	NA	NA
MMRF_1097	NA	NA	NA	NA	NA	NA	NA	NA	NA	NA	NA	NA	NA	NA	NA	NA	NA	NA	NA	NA	NA
MMRF_1098	0	0	0	0	1	0	0	0	0	1	1	0	0	0	0	0	0	0	0	0	0
MMRF_1099	NA	NA	NA	NA	NA	NA	NA	NA	NA	NA	NA	NA	NA	NA	NA	NA	NA	NA	NA	NA	NA
MMRF_1100	NA	NA	NA	NA	NA	NA	NA	NA	0	1	1	0	0	1	0	0	0	0	0	1	0
MMRF_1101	NA	NA	NA	NA	NA	NA	NA	NA	NA	NA	NA	NA	NA	NA	NA	NA	NA	NA	NA	NA	NA
MMRF_1102	NA	NA	NA	NA	NA	NA	NA	NA	NA	NA	NA	NA	NA	NA	NA	NA	NA	NA	NA	NA	NA
MMRF_1105	NA	NA	NA	NA	NA	NA	NA	NA	NA	NA	NA	NA	NA	NA	NA	NA	NA	NA	NA	NA	NA
MMRF_1107	NA	NA	NA	NA	NA	NA	NA	NA	1	1	1	0	0	1	1	0	0	1	0	0	1
MMRF_1108	0	0	0	0	0	0	0	0	0	0	0	0	1	1	1	0	1	0	1	0	1
MMRF_1109	NA	NA	NA	NA	NA	NA	NA	NA	NA	NA	NA	NA	NA	NA	NA	NA	NA	NA	NA	NA	NA
MMRF_1110	NA	NA	NA	NA	NA	NA	NA	NA	NA	NA	NA	NA	NA	NA	NA	NA	NA	NA	NA	NA	NA
MMRF_1111	NA	NA	NA	NA	NA	NA	NA	NA	NA	NA	NA	NA	NA	NA	NA	NA	NA	NA	NA	NA	NA
MMRF_1112	NA	NA	NA	NA	NA	NA	NA	NA	NA	NA	NA	NA	NA	NA	NA	NA	NA	NA	NA	NA	NA
MMRF_1113	NA	NA	NA	NA	NA	NA	NA	NA	NA	NA	NA	NA	NA	NA	NA	NA	NA	NA	NA	NA	NA
MMRF_1115	NA	NA	NA	NA	NA	NA	NA	NA	NA	NA	NA	NA	NA	NA	NA	NA	NA	NA	NA	NA	NA
MMRF_1117	NA	NA	NA	NA	NA	NA	NA	NA	NA	NA	NA	NA	NA	NA	NA	NA	NA	NA	NA	NA	NA
MMRF_1119	NA	NA	NA	NA	NA	NA	NA	NA	NA	NA	NA	NA	NA	NA	NA	NA	NA	NA	NA	NA	NA
MMRF_1120	NA	NA	NA	NA	NA	NA	NA	NA	NA	NA	NA	NA	NA	NA	NA	NA	NA	NA	NA	NA	NA
MMRF_1121	NA	NA	NA	NA	NA	NA	NA	NA	NA	NA	NA	NA	NA	NA	NA	NA	NA	NA	NA	NA	NA
MMRF_1122	NA	NA	NA	NA	NA	NA	NA	NA	NA	NA	NA	NA	NA	NA	NA	NA	NA	NA	NA	NA	NA
MMRF_1124	NA	NA	NA	NA	NA	NA	NA	NA	NA	NA	NA	NA	NA	NA	NA	NA	NA	NA	NA	NA	NA
MMRF_1127	0	0	0	0	1	0	0	0	0	1	1	0	0	0	0	0	0	0	0	0	1
MMRF_1128	NA	NA	NA	NA	NA	NA	NA	NA	1	1	1	0	0	0	0	0	0	0	0	0	0
MMRF_1129	NA	NA	NA	NA	NA	NA	NA	NA	1	1	1	0	0	0	0	0	0	0	0	0	1
MMRF_1130	NA	NA	NA	NA	NA	NA	NA	NA	NA	NA	NA	NA	NA	NA	NA	NA	NA	NA	NA	NA	NA
MMRF_1131	NA	NA	NA	NA	NA	NA	NA	NA	NA	NA	NA	NA	NA	NA	NA	NA	NA	NA	NA	NA	NA
MMRF_1132	NA	NA	NA	NA	NA	NA	NA	NA	NA	NA	NA	NA	NA	NA	NA	NA	NA	NA	NA	NA	NA
MMRF_1134	NA	NA	NA	NA	NA	NA	NA	NA	NA	NA	NA	NA	NA	NA	NA	NA	NA	NA	NA	NA	NA
MMRF_1136	NA	NA	NA	NA	NA	NA	NA	NA	NA	NA	NA	NA	NA	NA	NA	NA	NA	NA	NA	NA	NA
MMRF_1137	NA	NA	NA	NA	NA	NA	NA	NA	NA	NA	NA	NA	NA	NA	NA	NA	NA	NA	NA	NA	NA
MMRF_1138	NA	NA	NA	NA	NA	NA	NA	NA	NA	NA	NA	NA	NA	NA	NA	NA	NA	NA	NA	NA	NA
MMRF_1139	NA	NA	NA	NA	NA	NA	NA	NA	NA	NA	NA	NA	NA	NA	NA	NA	NA	NA	NA	NA	NA
MMRF_1140	NA	NA	NA	NA	NA	NA	NA	NA	NA	NA	NA	NA	NA	NA	NA	NA	NA	NA	NA	NA	NA
MMRF_1141	NA	NA	NA	NA	NA	NA	NA	NA	NA	NA	NA	NA	NA	NA	NA	NA	NA	NA	NA	NA	NA
MMRF_1142	NA	NA	NA	NA	NA	NA	NA	NA	NA	NA	NA	NA	NA	NA	NA	NA	NA	NA	NA	NA	NA
MMRF_1143	NA	NA	NA	NA	NA	NA	NA	NA	NA	NA	NA	NA	NA	NA	NA	NA	NA	NA	NA	NA	NA
MMRF_1146	NA	NA	NA	NA	NA	NA	NA	NA	NA	NA	NA	NA	NA	NA	NA	NA	NA	NA	NA	NA	NA
MMRF_1148	0	0	0	0	0	0	0	0	1	0	0	0	0	1	0	0	1	1	1	1	1
MMRF_1149	NA	NA	NA	NA	NA	NA	NA	NA	NA	NA	NA	NA	NA	NA	NA	NA	NA	NA	NA	NA	NA
MMRF_1150	NA	NA	NA	NA	NA	NA	NA	NA	NA	NA	NA	NA	NA	NA	NA	NA	NA	NA	NA	NA	NA
MMRF_1151	NA	NA	NA	NA	NA	NA	NA	NA	0	0	0	0	1	1	1	0	0	0	1	0	1
MMRF_1152	NA	NA	NA	NA	NA	NA	NA	NA	NA	NA	NA	NA	NA	NA	NA	NA	NA	NA	NA	NA	NA
MMRF_1153	NA	NA	NA	NA	NA	NA	NA	NA	1	1	1	0	0	1	0	0	0	1	1	1	1
MMRF_1155	NA	NA	NA	NA	NA	NA	NA	NA	NA	NA	NA	NA	NA	NA	NA	NA	NA	NA	NA	NA	NA
MMRF_1156	NA	NA	NA	NA	NA	NA	NA	NA	NA	NA	NA	NA	NA	NA	NA	NA	NA	NA	NA	NA	NA
MMRF_1157	NA	NA	NA	NA	NA	NA	NA	NA	0	0	0	0	0	0	0	0	0	0	0	0	0
MMRF_1159	NA	NA	NA	NA	NA	NA	NA	NA	NA	NA	NA	NA	NA	NA	NA	NA	NA	NA	NA	NA	NA
MMRF_1160	NA	NA	NA	NA	NA	NA	NA	NA	NA	NA	NA	NA	NA	NA	NA	NA	NA	NA	NA	NA	NA
MMRF_1163	NA	NA	NA	NA	NA	NA	NA	NA	NA	NA	NA	NA	NA	NA	NA	NA	NA	NA	NA	NA	NA
MMRF_1164	0	0	0	0	0	0	1	0	0	1	1	0	0	0	0	0	0	0	0	0	0
MMRF_1166	NA	NA	NA	NA	NA	NA	NA	NA	NA	NA	NA	NA	NA	NA	NA	NA	NA	NA	NA	NA	NA
MMRF_1167	0	0	0	0	0	0	0	0	1	1	1	0	1	1	1	0	0	1	1	1	1
MMRF_1168	NA	NA	NA	NA	NA	NA	NA	NA	NA	NA	NA	NA	NA	NA	NA	NA	NA	NA	NA	NA	NA
MMRF_1169	0	0	0	0	0	0	0	0	0	1	1	1	0	1	1	0	0	1	0	1	0
MMRF_1170	NA	NA	NA	NA	NA	NA	NA	NA	NA	NA	NA	NA	NA	NA	NA	NA	NA	NA	NA	NA	NA
MMRF_1171	0	0	0	0	0	0	0	0	0	1	1	0	1	1	1	0	0	0	1	0	1
MMRF_1173	NA	NA	NA	NA	NA	NA	NA	NA	NA	NA	NA	NA	NA	NA	NA	NA	NA	NA	NA	NA	NA
MMRF_1177	NA	NA	NA	NA	NA	NA	NA	NA	NA	NA	NA	NA	NA	NA	NA	NA	NA	NA	NA	NA	NA
MMRF_1178	1	0	0	1	0	0	0	0	1	1	1	0	0	1	0	0	0	1	0	0	1
MMRF_1179	NA	NA	NA	NA	NA	NA	NA	NA	0	1	1	0	0	0	0	0	0	0	0	0	0
MMRF_1180	0	0	0	1	0	0	1	0	1	1	1	0	0	0	0	0	0	0	0	0	0
MMRF_1181	NA	NA	NA	NA	NA	NA	NA	NA	NA	NA	NA	NA	NA	NA	NA	NA	NA	NA	NA	NA	NA
MMRF_1182	NA	NA	NA	NA	NA	NA	NA	NA	NA	NA	NA	NA	NA	NA	NA	NA	NA	NA	NA	NA	NA
MMRF_1184	NA	NA	NA	NA	NA	NA	NA	NA	NA	NA	NA	NA	NA	NA	NA	NA	NA	NA	NA	NA	NA
MMRF_1185	0	0	0	0	0	0	0	0	0	1	1	0	0	0	0	0	0	0	0	0	0
MMRF_1186	NA	NA	NA	NA	NA	NA	NA	NA	NA	NA	NA	NA	NA	NA	NA	NA	NA	NA	NA	NA	NA
MMRF_1188	0	0	0	1	0	0	0	0	1	0	1	1	1	1	1	0	1	1	1	0	1
MMRF_1189	NA	NA	NA	NA	NA	NA	NA	NA	1	0	0	0	0	0	0	0	0	0	0	0	0
MMRF_1193	NA	NA	NA	NA	NA	NA	NA	NA	NA	NA	NA	NA	NA	NA	NA	NA	NA	NA	NA	NA	NA
MMRF_1194	NA	NA	NA	NA	NA	NA	NA	NA	NA	NA	NA	NA	NA	NA	NA	NA	NA	NA	NA	NA	NA
MMRF_1195	NA	NA	NA	NA	NA	NA	NA	NA	1	1	1	0	1	1	1	1	0	0	1	0	1
MMRF_1196	NA	NA	NA	NA	NA	NA	NA	NA	NA	NA	NA	NA	NA	NA	NA	NA	NA	NA	NA	NA	NA
MMRF_1198	NA	NA	NA	NA	NA	NA	NA	NA	NA	NA	NA	NA	NA	NA	NA	NA	NA	NA	NA	NA	NA
MMRF_1201	NA	NA	NA	NA	NA	NA	NA	NA	NA	NA	NA	NA	NA	NA	NA	NA	NA	NA	NA	NA	NA
MMRF_1202	1	0	0	0	0	0	0	0	1	1	1	0	0	0	0	0	0	0	0	0	0
MMRF_1205	NA	NA	NA	NA	NA	NA	NA	NA	NA	NA	NA	NA	NA	NA	NA	NA	NA	NA	NA	NA	NA
MMRF_1208	NA	NA	NA	NA	NA	NA	NA	NA	NA	NA	NA	NA	NA	NA	NA	NA	NA	NA	NA	NA	NA
MMRF_1209	NA	NA	NA	NA	NA	NA	NA	NA	NA	NA	NA	NA	NA	NA	NA	NA	NA	NA	NA	NA	NA
MMRF_1210	0	0	0	0	0	0	0	0	0	0	0	0	1	1	1	1	1	0	1	1	1
MMRF_1211	NA	NA	NA	NA	NA	NA	NA	NA	NA	NA	NA	NA	NA	NA	NA	NA	NA	NA	NA	NA	NA
MMRF_1212	NA	NA	NA	NA	NA	NA	NA	NA	0	0	1	0	1	1	0	0	1	0	0	0	0
MMRF_1213	NA	NA	NA	NA	NA	NA	NA	NA	NA	NA	NA	NA	NA	NA	NA	NA	NA	NA	NA	NA	NA
MMRF_1214	NA	NA	NA	NA	NA	NA	NA	NA	NA	NA	NA	NA	NA	NA	NA	NA	NA	NA	NA	NA	NA
MMRF_1216	1	0	0	0	0	0	0	0	1	1	1	0	0	1	0	0	0	0	0	0	0
MMRF_1219	NA	NA	NA	NA	NA	NA	NA	NA	NA	NA	NA	NA	NA	NA	NA	NA	NA	NA	NA	NA	NA
MMRF_1221	NA	NA	NA	NA	NA	NA	NA	NA	NA	NA	NA	NA	NA	NA	NA	NA	NA	NA	NA	NA	NA
MMRF_1222	NA	NA	NA	NA	NA	NA	NA	NA	NA	NA	NA	NA	NA	NA	NA	NA	NA	NA	NA	NA	NA
MMRF_1223	NA	NA	NA	NA	NA	NA	NA	NA	NA	NA	NA	NA	NA	NA	NA	NA	NA	NA	NA	NA	NA
MMRF_1224	NA	NA	NA	NA	NA	NA	NA	NA	NA	NA	NA	NA	NA	NA	NA	NA	NA	NA	NA	NA	NA
MMRF_1225	NA	NA	NA	NA	NA	NA	NA	NA	NA	NA	NA	NA	NA	NA	NA	NA	NA	NA	NA	NA	NA
MMRF_1226	NA	NA	NA	NA	NA	NA	NA	NA	NA	NA	NA	NA	NA	NA	NA	NA	NA	NA	NA	NA	NA
MMRF_1227	NA	NA	NA	NA	NA	NA	NA	NA	NA	NA	NA	NA	NA	NA	NA	NA	NA	NA	NA	NA	NA
MMRF_1228	NA	NA	NA	NA	NA	NA	NA	NA	NA	NA	NA	NA	NA	NA	NA	NA	NA	NA	NA	NA	NA
MMRF_1229	NA	NA	NA	NA	NA	NA	NA	NA	NA	NA	NA	NA	NA	NA	NA	NA	NA	NA	NA	NA	NA
MMRF_1230	NA	NA	NA	NA	NA	NA	NA	NA	NA	NA	NA	NA	NA	NA	NA	NA	NA	NA	NA	NA	NA
MMRF_1231	0	0	0	0	1	0	0	0	0	0	0	0	0	0	0	0	0	0	0	0	0
MMRF_1232	NA	NA	NA	NA	NA	NA	NA	NA	NA	NA	NA	NA	NA	NA	NA	NA	NA	NA	NA	NA	NA
MMRF_1233	NA	NA	NA	NA	NA	NA	NA	NA	NA	NA	NA	NA	NA	NA	NA	NA	NA	NA	NA	NA	NA
MMRF_1234	NA	NA	NA	NA	NA	NA	NA	NA	NA	NA	NA	NA	NA	NA	NA	NA	NA	NA	NA	NA	NA
MMRF_1235	0	0	0	0	0	0	0	0	NA	NA	NA	NA	NA	NA	NA	NA	NA	NA	NA	NA	NA
MMRF_1236	NA	NA	NA	NA	NA	NA	NA	NA	NA	NA	NA	NA	NA	NA	NA	NA	NA	NA	NA	NA	NA
MMRF_1239	NA	NA	NA	NA	NA	NA	NA	NA	NA	NA	NA	NA	NA	NA	NA	NA	NA	NA	NA	NA	NA
MMRF_1242	NA	NA	NA	NA	NA	NA	NA	NA	NA	NA	NA	NA	NA	NA	NA	NA	NA	NA	NA	NA	NA
MMRF_1244	NA	NA	NA	NA	NA	NA	NA	NA	NA	NA	NA	NA	NA	NA	NA	NA	NA	NA	NA	NA	NA
MMRF_1245	NA	NA	NA	NA	NA	NA	NA	NA	NA	NA	NA	NA	NA	NA	NA	NA	NA	NA	NA	NA	NA
MMRF_1250	0	0	0	0	0	0	0	0	1	1	1	0	1	1	1	0	0	1	1	1	1
MMRF_1251	1	0	0	0	0	0	0	0	1	1	1	0	1	0	0	0	0	0	1	1	0
MMRF_1252	0	0	0	0	0	0	0	0	NA	NA	NA	NA	NA	NA	NA	NA	NA	NA	NA	NA	NA
MMRF_1254	NA	NA	NA	NA	NA	NA	NA	NA	NA	NA	NA	NA	NA	NA	NA	NA	NA	NA	NA	NA	NA
MMRF_1255	NA	NA	NA	NA	NA	NA	NA	NA	NA	NA	NA	NA	NA	NA	NA	NA	NA	NA	NA	NA	NA
MMRF_1256	NA	NA	NA	NA	NA	NA	NA	NA	NA	NA	NA	NA	NA	NA	NA	NA	NA	NA	NA	NA	NA
MMRF_1257	NA	NA	NA	NA	NA	NA	NA	NA	NA	NA	NA	NA	NA	NA	NA	NA	NA	NA	NA	NA	NA
MMRF_1258	NA	NA	NA	NA	NA	NA	NA	NA	NA	NA	NA	NA	NA	NA	NA	NA	NA	NA	NA	NA	NA
MMRF_1260	0	0	0	0	0	0	0	0	NA	NA	NA	NA	NA	NA	NA	NA	NA	NA	NA	NA	NA
MMRF_1261	0	0	0	0	1	0	0	0	NA	NA	NA	NA	NA	NA	NA	NA	NA	NA	NA	NA	NA
MMRF_1264	NA	NA	NA	NA	NA	NA	NA	NA	NA	NA	NA	NA	NA	NA	NA	NA	NA	NA	NA	NA	NA
MMRF_1266	1	0	0	0	0	0	0	0	NA	NA	NA	NA	NA	NA	NA	NA	NA	NA	NA	NA	NA
MMRF_1267	1	0	0	0	0	0	0	0	0	1	1	0	0	0	0	0	0	0	0	0	1
MMRF_1268	NA	NA	NA	NA	NA	NA	NA	NA	NA	NA	NA	NA	NA	NA	NA	NA	NA	NA	NA	NA	NA
MMRF_1269	0	0	0	0	1	0	0	0	1	0	0	0	0	0	0	0	0	0	0	0	0
MMRF_1270	0	0	0	0	0	0	0	0	0	1	1	0	0	0	0	0	0	0	0	0	0
MMRF_1271	NA	NA	NA	NA	NA	NA	NA	NA	NA	NA	NA	NA	NA	NA	NA	NA	NA	NA	NA	NA	NA
MMRF_1273	NA	NA	NA	NA	NA	NA	NA	NA	NA	NA	NA	NA	NA	NA	NA	NA	NA	NA	NA	NA	NA
MMRF_1274	0	0	0	0	0	0	0	0	1	1	1	0	0	1	1	0	0	0	1	1	1
MMRF_1275	NA	NA	NA	NA	NA	NA	NA	NA	NA	NA	NA	NA	NA	NA	NA	NA	NA	NA	NA	NA	NA
MMRF_1277	0	0	0	1	0	0	0	0	NA	NA	NA	NA	NA	NA	NA	NA	NA	NA	NA	NA	NA
MMRF_1280	NA	NA	NA	NA	NA	NA	NA	NA	NA	NA	NA	NA	NA	NA	NA	NA	NA	NA	NA	NA	NA
MMRF_1281	NA	NA	NA	NA	NA	NA	NA	NA	NA	NA	NA	NA	NA	NA	NA	NA	NA	NA	NA	NA	NA
MMRF_1283	0	0	0	0	0	0	0	0	0	0	0	1	1	1	1	0	0	1	1	1	1
MMRF_1284	0	0	0	0	0	0	0	0	0	0	0	0	1	0	1	0	0	1	1	0	1
MMRF_1285	NA	NA	NA	NA	NA	NA	NA	NA	1	1	1	0	0	1	1	0	0	0	1	1	1
MMRF_1286	0	0	0	0	1	0	0	0	0	0	0	1	0	0	0	0	0	0	0	0	0
MMRF_1289	NA	NA	NA	NA	NA	NA	NA	NA	NA	NA	NA	NA	NA	NA	NA	NA	NA	NA	NA	NA	NA
MMRF_1290	0	0	0	0	0	0	1	0	NA	NA	NA	NA	NA	NA	NA	NA	NA	NA	NA	NA	NA
MMRF_1293	0	0	0	1	0	0	0	0	0	0	0	0	1	0	1	0	0	0	1	1	1
MMRF_1295	NA	NA	NA	NA	NA	NA	NA	NA	NA	NA	NA	NA	NA	NA	NA	NA	NA	NA	NA	NA	NA
MMRF_1296	NA	NA	NA	NA	NA	NA	NA	NA	NA	NA	NA	NA	NA	NA	NA	NA	NA	NA	NA	NA	NA
MMRF_1300	0	0	0	1	0	0	0	0	1	1	0	0	1	1	1	0	0	1	0	1	1
MMRF_1304	0	0	0	0	0	0	0	0	NA	NA	NA	NA	NA	NA	NA	NA	NA	NA	NA	NA	NA
MMRF_1307	NA	NA	NA	NA	NA	NA	NA	NA	0	1	1	0	0	0	0	0	0	0	0	0	1
MMRF_1308	0	0	0	0	1	0	0	0	NA	NA	NA	NA	NA	NA	NA	NA	NA	NA	NA	NA	NA
MMRF_1309	0	0	0	0	0	0	0	0	0	0	0	0	0	1	1	0	0	0	1	1	0
MMRF_1310	NA	NA	NA	NA	NA	NA	NA	NA	NA	NA	NA	NA	NA	NA	NA	NA	NA	NA	NA	NA	NA
MMRF_1311	NA	NA	NA	NA	NA	NA	NA	NA	0	1	0	0	0	0	0	0	0	0	0	0	1
MMRF_1312	0	0	0	0	0	0	0	0	NA	NA	NA	NA	NA	NA	NA	NA	NA	NA	NA	NA	NA
MMRF_1314	NA	NA	NA	NA	NA	NA	NA	NA	NA	NA	NA	NA	NA	NA	NA	NA	NA	NA	NA	NA	NA
MMRF_1318	1	0	0	0	0	0	0	0	0	1	1	0	0	0	1	0	0	1	0	0	1
MMRF_1320	0	1	0	1	0	0	0	0	NA	NA	NA	NA	NA	NA	NA	NA	NA	NA	NA	NA	NA
MMRF_1323	0	0	0	0	0	0	0	0	1	1	1	0	0	1	0	0	1	0	1	0	1
MMRF_1324	1	0	0	0	0	0	0	0	1	1	1	0	0	0	0	0	1	1	0	0	0
MMRF_1325	0	0	0	0	1	0	0	0	0	0	0	0	0	0	0	0	0	0	0	0	0
MMRF_1327	0	0	0	0	0	0	0	0	1	1	1	0	0	0	0	0	0	0	0	0	0
MMRF_1328	0	0	0	0	0	0	1	0	1	1	1	0	0	0	0	0	1	0	0	0	1
MMRF_1331	0	0	0	0	0	0	0	0	0	1	1	0	0	1	1	0	1	1	1	1	1
MMRF_1332	NA	NA	NA	NA	NA	NA	NA	NA	0	1	1	0	0	0	0	0	0	0	0	0	1
MMRF_1333	NA	NA	NA	NA	NA	NA	NA	NA	NA	NA	NA	NA	NA	NA	NA	NA	NA	NA	NA	NA	NA
MMRF_1335	NA	NA	NA	NA	NA	NA	NA	NA	NA	NA	NA	NA	NA	NA	NA	NA	NA	NA	NA	NA	NA
MMRF_1336	NA	NA	NA	NA	NA	NA	NA	NA	NA	NA	NA	NA	NA	NA	NA	NA	NA	NA	NA	NA	NA
MMRF_1338	0	0	0	0	1	0	0	0	0	0	0	0	0	0	0	0	0	0	0	1	0
MMRF_1339	0	0	0	0	0	0	1	0	0	1	1	0	0	0	1	0	0	0	0	0	1
MMRF_1342	0	0	0	0	0	0	0	0	0	0	0	1	1	1	1	0	1	1	1	0	1
MMRF_1344	0	0	0	0	0	0	0	0	1	1	1	0	0	1	1	0	0	1	1	1	1
MMRF_1345	NA	NA	NA	NA	NA	NA	NA	NA	NA	NA	NA	NA	NA	NA	NA	NA	NA	NA	NA	NA	NA
MMRF_1346	NA	NA	NA	NA	NA	NA	NA	NA	NA	NA	NA	NA	NA	NA	NA	NA	NA	NA	NA	NA	NA
MMRF_1348	0	0	0	0	1	0	0	0	0	1	1	0	0	0	0	0	0	0	0	0	0
MMRF_1349	1	0	0	0	0	0	0	0	1	1	1	0	0	0	0	0	0	0	0	0	0
MMRF_1352	0	0	0	0	1	0	0	0	0	0	0	0	1	0	0	0	0	0	0	0	1
MMRF_1354	0	0	0	1	0	0	0	0	0	0	0	0	0	1	1	0	1	1	1	1	1
MMRF_1355	0	0	0	0	0	0	0	0	NA	NA	NA	NA	NA	NA	NA	NA	NA	NA	NA	NA	NA
MMRF_1356	0	0	0	0	0	0	0	0	1	1	0	0	0	0	0	0	0	0	0	0	1
MMRF_1358	0	0	0	0	0	0	0	0	0	0	0	0	0	1	1	0	0	1	1	0	1
MMRF_1359	1	0	0	0	0	0	0	0	1	1	0	0	0	0	0	0	0	0	0	0	0
MMRF_1360	0	0	0	0	0	0	0	0	0	1	1	0	1	1	1	0	0	1	1	1	1
MMRF_1361	1	0	0	0	0	0	0	0	1	1	1	0	0	0	0	0	0	0	0	0	0
MMRF_1364	0	0	0	0	0	0	0	0	0	1	1	1	0	0	0	0	0	0	0	0	0
MMRF_1365	0	0	0	0	1	0	0	0	0	0	0	0	0	0	0	0	0	0	0	0	0
MMRF_1368	NA	NA	NA	NA	NA	NA	NA	NA	NA	NA	NA	NA	NA	NA	NA	NA	NA	NA	NA	NA	NA
MMRF_1371	NA	NA	NA	NA	NA	NA	NA	NA	0	0	0	0	0	1	1	0	1	1	1	1	1
MMRF_1373	NA	NA	NA	NA	NA	NA	NA	NA	NA	NA	NA	NA	NA	NA	NA	NA	NA	NA	NA	NA	NA
MMRF_1374	NA	NA	NA	NA	NA	NA	NA	NA	NA	NA	NA	NA	NA	NA	NA	NA	NA	NA	NA	NA	NA
MMRF_1375	NA	NA	NA	NA	NA	NA	NA	NA	NA	NA	NA	NA	NA	NA	NA	NA	NA	NA	NA	NA	NA
MMRF_1377	0	0	0	1	0	0	0	0	0	1	1	0	0	0	0	0	0	0	0	0	0
MMRF_1380	0	0	0	0	0	0	0	0	0	1	1	1	0	1	0	0	1	0	0	0	0
MMRF_1383	0	0	0	1	0	0	0	0	0	0	0	0	1	1	0	0	0	1	1	1	1
MMRF_1386	0	0	0	0	1	0	0	0	0	0	0	0	0	0	0	0	0	0	0	0	0
MMRF_1387	NA	NA	NA	NA	NA	NA	NA	NA	NA	NA	NA	NA	NA	NA	NA	NA	NA	NA	NA	NA	NA
MMRF_1388	0	0	0	0	0	0	0	0	1	0	0	0	0	0	0	0	0	1	0	1	0
MMRF_1389	0	0	0	0	0	0	1	0	0	1	0	0	0	0	0	0	0	0	0	0	0
MMRF_1390	NA	NA	NA	NA	NA	NA	NA	NA	NA	NA	NA	NA	NA	NA	NA	NA	NA	NA	NA	NA	NA
MMRF_1391	1	0	0	0	0	0	0	0	0	1	1	0	0	0	0	0	0	1	0	0	0
MMRF_1392	0	0	0	0	0	0	0	0	0	0	0	0	1	1	1	0	1	1	1	1	1
MMRF_1393	0	0	0	0	0	0	0	0	0	0	0	0	1	1	1	1	1	0	1	0	1
MMRF_1394	NA	NA	NA	NA	NA	NA	NA	NA	NA	NA	NA	NA	NA	NA	NA	NA	NA	NA	NA	NA	NA
MMRF_1395	0	0	0	0	0	0	0	0	0	0	0	0	1	1	1	0	1	1	1	1	1
MMRF_1401	0	0	0	0	1	0	0	0	1	0	0	0	1	0	0	0	0	0	0	0	1
MMRF_1402	NA	NA	NA	NA	NA	NA	NA	NA	NA	NA	NA	NA	NA	NA	NA	NA	NA	NA	NA	NA	NA
MMRF_1403	0	0	0	0	0	0	1	0	1	1	1	0	0	0	0	0	1	0	0	0	1
MMRF_1407	NA	NA	NA	NA	NA	NA	NA	NA	NA	NA	NA	NA	NA	NA	NA	NA	NA	NA	NA	NA	NA
MMRF_1408	0	0	0	0	0	0	0	0	0	0	0	0	1	1	1	1	0	1	1	1	1
MMRF_1410	NA	NA	NA	NA	NA	NA	NA	NA	NA	NA	NA	NA	NA	NA	NA	NA	NA	NA	NA	NA	NA
MMRF_1412	NA	NA	NA	NA	NA	NA	NA	NA	NA	NA	NA	NA	NA	NA	NA	NA	NA	NA	NA	NA	NA
MMRF_1413	0	0	0	0	0	0	0	0	1	0	0	0	1	1	1	0	1	1	1	1	1
MMRF_1415	NA	NA	NA	NA	NA	NA	NA	NA	NA	NA	NA	NA	NA	NA	NA	NA	NA	NA	NA	NA	NA
MMRF_1418	NA	NA	NA	NA	NA	NA	NA	NA	NA	NA	NA	NA	NA	NA	NA	NA	NA	NA	NA	NA	NA
MMRF_1420	NA	NA	NA	NA	NA	NA	NA	NA	NA	NA	NA	NA	NA	NA	NA	NA	NA	NA	NA	NA	NA
MMRF_1423	0	0	0	0	0	0	0	0	0	0	0	0	1	1	1	0	1	1	1	1	1
MMRF_1424	0	0	0	0	0	0	0	0	0	1	1	1	0	0	0	0	0	0	0	0	1
MMRF_1425	0	0	0	0	0	0	0	0	0	0	0	0	1	1	1	0	1	1	1	1	1
MMRF_1426	NA	NA	NA	NA	NA	NA	NA	NA	0	0	0	0	1	1	1	0	0	1	0	0	1
MMRF_1430	NA	NA	NA	NA	NA	NA	NA	NA	NA	NA	NA	NA	NA	NA	NA	NA	NA	NA	NA	NA	NA
MMRF_1431	0	0	0	0	0	0	0	0	0	1	1	0	1	1	1	0	0	1	1	0	1
MMRF_1432	1	0	0	0	0	0	0	0	1	1	1	1	0	0	0	0	0	0	0	0	0
MMRF_1433	1	0	0	0	0	0	0	0	1	1	1	0	0	0	0	0	0	0	0	0	0
MMRF_1434	0	0	0	0	1	0	0	0	0	0	0	0	0	0	0	0	0	0	0	0	1
MMRF_1436	0	0	0	0	0	0	0	0	0	0	0	0	1	1	1	0	0	1	1	0	1
MMRF_1439	0	0	0	0	1	0	0	0	0	0	0	0	0	0	0	0	0	0	0	0	1
MMRF_1440	NA	NA	NA	NA	NA	NA	NA	NA	NA	NA	NA	NA	NA	NA	NA	NA	NA	NA	NA	NA	NA
MMRF_1441	NA	NA	NA	NA	NA	NA	NA	NA	NA	NA	NA	NA	NA	NA	NA	NA	NA	NA	NA	NA	NA
MMRF_1445	0	0	0	0	0	0	0	0	1	1	1	0	0	0	0	0	0	0	0	0	0
MMRF_1446	0	0	0	0	1	0	0	0	0	0	0	0	0	0	0	0	0	0	0	0	0
MMRF_1447	0	0	0	0	0	0	0	0	1	0	0	0	1	1	1	0	0	1	1	1	1
MMRF_1450	0	0	0	0	0	0	0	0	1	1	1	1	1	1	1	0	0	0	1	1	1
MMRF_1451	0	0	0	0	0	0	0	0	1	1	1	0	1	0	0	0	0	0	0	0	0
MMRF_1452	NA	NA	NA	NA	NA	NA	NA	NA	NA	NA	NA	NA	NA	NA	NA	NA	NA	NA	NA	NA	NA
MMRF_1453	0	0	0	0	0	0	0	0	1	1	1	1	0	0	0	0	0	0	0	0	1
MMRF_1454	0	0	0	0	0	0	1	0	1	1	1	0	0	0	0	0	0	0	0	0	0
MMRF_1455	NA	NA	NA	NA	NA	NA	NA	NA	NA	NA	NA	NA	NA	NA	NA	NA	NA	NA	NA	NA	NA
MMRF_1456	NA	NA	NA	NA	NA	NA	NA	NA	NA	NA	NA	NA	NA	NA	NA	NA	NA	NA	NA	NA	NA
MMRF_1458	NA	NA	NA	NA	NA	NA	NA	NA	NA	NA	NA	NA	NA	NA	NA	NA	NA	NA	NA	NA	NA
MMRF_1460	0	0	0	0	0	0	0	0	0	1	1	0	1	1	1	0	0	0	1	0	1
MMRF_1461	0	0	0	1	0	0	0	1	1	1	1	0	0	0	0	0	0	1	0	0	0
MMRF_1462	1	0	0	0	0	0	0	0	1	1	1	0	0	0	0	0	0	0	0	0	1
MMRF_1466	0	0	0	1	0	0	0	0	0	0	0	0	1	1	1	1	0	1	1	1	1
MMRF_1470	NA	NA	NA	NA	NA	NA	NA	NA	NA	NA	NA	NA	NA	NA	NA	NA	NA	NA	NA	NA	NA
MMRF_1474	NA	NA	NA	NA	NA	NA	NA	NA	0	0	0	0	0	1	1	0	0	1	1	1	1
MMRF_1475	NA	NA	NA	NA	NA	NA	NA	NA	NA	NA	NA	NA	NA	NA	NA	NA	NA	NA	NA	NA	NA
MMRF_1478	0	0	0	0	1	0	0	0	NA	NA	NA	NA	NA	NA	NA	NA	NA	NA	NA	NA	NA
MMRF_1479	NA	NA	NA	NA	NA	NA	NA	NA	NA	NA	NA	NA	NA	NA	NA	NA	NA	NA	NA	NA	NA
MMRF_1484	0	0	0	0	1	0	0	0	0	0	0	0	0	0	0	0	0	0	0	0	0
MMRF_1485	0	0	0	0	0	0	0	0	1	1	0	0	0	0	1	0	0	0	0	1	1
MMRF_1486	0	0	0	0	0	0	0	0	1	0	0	0	0	1	1	0	0	1	1	0	1
MMRF_1487	NA	NA	NA	NA	NA	NA	NA	NA	NA	NA	NA	NA	NA	NA	NA	NA	NA	NA	NA	NA	NA
MMRF_1489	0	0	0	1	0	0	0	0	0	0	0	0	1	1	1	0	1	1	1	1	1
MMRF_1490	NA	NA	NA	NA	NA	NA	NA	NA	NA	NA	NA	NA	NA	NA	NA	NA	NA	NA	NA	NA	NA
MMRF_1491	0	0	0	0	0	0	1	0	1	1	1	1	0	0	0	0	0	0	0	0	0
MMRF_1493	NA	NA	NA	NA	NA	NA	NA	NA	NA	NA	NA	NA	NA	NA	NA	NA	NA	NA	NA	NA	NA
MMRF_1494	NA	NA	NA	NA	NA	NA	NA	NA	NA	NA	NA	NA	NA	NA	NA	NA	NA	NA	NA	NA	NA
MMRF_1496	NA	NA	NA	NA	NA	NA	NA	NA	NA	NA	NA	NA	NA	NA	NA	NA	NA	NA	NA	NA	NA
MMRF_1497	1	0	0	0	0	0	0	0	0	1	1	0	0	0	0	0	0	0	0	0	0
MMRF_1499	0	0	0	0	0	0	0	0	0	1	1	1	0	0	0	0	0	0	0	0	0
MMRF_1500	NA	NA	NA	NA	NA	NA	NA	NA	NA	NA	NA	NA	NA	NA	NA	NA	NA	NA	NA	NA	NA
MMRF_1501	0	0	0	1	0	0	0	0	0	0	0	1	1	1	1	0	1	1	1	1	1
MMRF_1502	0	0	0	0	0	0	0	0	1	1	1	0	0	1	1	0	1	1	0	1	0
MMRF_1504	NA	NA	NA	NA	NA	NA	NA	NA	NA	NA	NA	NA	NA	NA	NA	NA	NA	NA	NA	NA	NA
MMRF_1505	1	0	0	0	0	0	0	0	1	1	1	0	0	0	0	0	0	0	0	0	0
MMRF_1506	0	0	0	0	0	0	0	0	0	1	1	0	0	0	0	0	0	0	0	0	0
MMRF_1510	0	0	0	1	0	0	0	0	1	0	0	0	1	1	1	0	1	1	0	1	1
MMRF_1511	0	0	0	1	0	0	0	0	0	0	0	0	0	1	1	0	1	1	1	1	1
MMRF_1512	0	0	0	0	0	0	0	0	0	0	0	0	0	1	1	0	0	1	1	0	1
MMRF_1513	NA	NA	NA	NA	NA	NA	NA	NA	NA	NA	NA	NA	NA	NA	NA	NA	NA	NA	NA	NA	NA
MMRF_1516	0	0	0	0	1	0	0	0	0	0	0	0	0	0	0	0	0	0	0	0	0
MMRF_1518	NA	NA	NA	NA	NA	NA	NA	NA	NA	NA	NA	NA	NA	NA	NA	NA	NA	NA	NA	NA	NA
MMRF_1519	0	0	0	0	0	0	0	0	1	1	1	0	1	1	1	1	1	1	1	1	1
MMRF_1520	NA	NA	NA	NA	NA	NA	NA	NA	NA	NA	NA	NA	NA	NA	NA	NA	NA	NA	NA	NA	NA
MMRF_1522	0	0	0	1	0	0	0	0	0	0	0	0	1	1	0	0	1	0	1	1	1
MMRF_1523	0	0	0	0	1	0	0	0	1	0	0	0	0	0	0	0	0	0	0	0	0
MMRF_1525	0	0	0	0	0	0	0	0	0	0	0	0	0	1	1	0	0	1	1	1	1
MMRF_1531	0	0	0	1	0	0	0	0	1	1	1	0	0	1	1	0	0	1	1	1	1
MMRF_1533	0	0	0	0	0	0	0	0	0	1	0	1	1	1	1	0	1	1	1	0	1
MMRF_1534	0	0	0	0	1	0	0	0	0	0	0	0	0	0	0	0	0	0	0	0	0
MMRF_1535	0	0	0	0	0	0	0	0	1	1	1	0	0	0	0	0	1	0	0	0	1
MMRF_1537	0	1	0	0	0	0	0	0	0	1	1	0	1	1	1	1	0	1	1	1	1
MMRF_1538	0	0	0	0	0	0	0	0	0	0	0	0	1	1	1	0	0	1	1	1	1
MMRF_1539	0	0	0	0	1	0	0	0	0	0	0	0	0	0	0	0	0	0	0	0	0
MMRF_1540	0	0	0	0	1	0	0	0	0	0	0	0	0	0	0	0	0	0	0	0	0
MMRF_1541	0	0	0	0	1	0	0	0	0	1	0	0	1	0	0	0	0	0	0	0	0
MMRF_1542	0	0	0	0	1	0	0	0	0	0	0	0	1	0	0	0	0	1	0	0	0
MMRF_1543	0	0	0	0	0	0	0	0	1	0	0	0	1	1	1	0	1	1	1	1	1
MMRF_1546	0	0	0	1	0	0	0	0	1	0	0	0	1	1	1	0	0	1	1	1	1
MMRF_1547	NA	NA	NA	NA	NA	NA	NA	NA	0	1	1	0	0	0	0	0	0	0	0	0	0
MMRF_1550	0	0	0	1	0	0	0	0	1	0	0	0	1	1	1	0	1	0	0	1	1
MMRF_1555	1	0	0	0	0	0	0	0	1	1	1	0	0	0	0	0	0	0	0	0	0
MMRF_1556	0	0	0	0	1	0	0	0	0	0	0	0	0	0	0	0	0	0	0	0	0
MMRF_1560	1	0	0	0	0	0	0	0	0	0	0	0	0	1	1	0	0	1	0	0	0
MMRF_1564	0	0	0	0	0	0	0	0	0	1	1	0	1	1	1	0	1	1	1	1	1
MMRF_1565	0	0	0	0	1	0	0	0	0	0	0	0	0	0	0	0	0	0	0	0	1
MMRF_1568	0	0	0	0	1	0	0	0	0	1	1	0	0	0	0	0	0	0	0	0	1
MMRF_1569	NA	NA	NA	NA	NA	NA	NA	NA	NA	NA	NA	NA	NA	NA	NA	NA	NA	NA	NA	NA	NA
MMRF_1570	0	0	0	0	0	0	0	0	0	0	0	0	0	0	1	0	0	0	0	0	1
MMRF_1572	1	0	0	0	0	0	0	0	0	1	1	0	0	0	0	0	0	0	0	0	0
MMRF_1573	0	0	0	1	0	0	0	0	0	0	0	0	0	1	1	0	1	1	1	1	1
MMRF_1574	0	0	0	0	0	0	0	0	0	0	0	0	1	1	1	0	1	1	1	1	1
MMRF_1576	0	0	0	0	0	0	0	0	0	1	1	0	1	1	1	0	1	1	1	1	1
MMRF_1577	0	0	0	1	0	0	0	0	0	0	0	0	1	0	1	0	1	1	1	1	1
MMRF_1579	0	0	0	0	0	0	0	0	1	0	0	0	0	0	1	0	0	0	0	0	1
MMRF_1580	0	0	0	0	1	0	0	0	0	0	0	0	0	0	0	0	0	0	0	0	0
MMRF_1583	0	1	0	0	0	0	0	0	0	1	1	0	0	0	0	0	0	0	0	0	1
MMRF_1584	NA	NA	NA	NA	NA	NA	NA	NA	NA	NA	NA	NA	NA	NA	NA	NA	NA	NA	NA	NA	NA
MMRF_1586	0	0	0	0	0	0	1	0	1	1	1	0	0	0	0	0	0	0	0	0	0
MMRF_1587	0	0	0	0	0	0	0	0	1	1	1	0	0	0	0	0	0	0	0	0	0
MMRF_1588	0	0	0	0	0	0	0	0	0	0	0	0	1	1	1	0	0	1	1	1	1
MMRF_1589	0	1	0	0	0	0	0	0	0	0	0	0	1	0	1	0	0	0	0	0	0
MMRF_1593	0	0	0	1	0	0	0	0	0	1	1	1	0	0	0	0	0	0	0	0	0
MMRF_1595	0	0	0	0	0	0	0	0	1	1	1	1	0	0	0	0	1	0	0	0	0
MMRF_1596	0	0	0	0	0	0	0	0	0	1	1	1	1	1	1	0	0	0	1	0	1
MMRF_1597	0	0	0	0	0	0	0	0	0	0	0	0	1	1	1	0	0	0	1	0	1
MMRF_1598	0	0	0	0	1	0	0	0	0	1	0	0	0	0	0	0	0	0	0	0	0
MMRF_1601	0	0	0	0	0	0	0	0	0	0	0	0	0	0	0	0	0	0	0	0	0
MMRF_1602	0	0	0	0	1	0	0	0	0	1	1	0	0	0	0	0	0	0	0	0	0
MMRF_1603	0	0	0	0	0	0	0	0	1	1	0	0	1	1	1	0	0	0	1	0	1
MMRF_1605	0	0	0	0	0	0	0	0	0	1	1	0	0	0	0	0	0	0	1	0	0
MMRF_1607	0	0	0	0	0	0	0	0	0	0	0	0	1	1	1	0	0	1	1	0	1
MMRF_1608	0	0	0	1	0	0	0	0	0	0	0	0	1	1	1	0	1	0	1	0	1
MMRF_1610	0	0	0	0	1	0	0	0	1	1	1	0	0	0	0	0	0	0	0	0	0
MMRF_1613	1	0	0	0	0	0	0	0	1	1	1	1	0	1	0	0	0	1	0	0	0
MMRF_1614	0	0	0	0	0	0	0	0	0	0	0	1	1	1	1	0	1	1	1	1	1
MMRF_1617	0	0	0	0	1	0	0	0	0	0	0	0	0	0	0	0	0	0	0	0	0
MMRF_1618	0	0	0	0	0	0	1	0	0	1	1	0	1	0	1	0	0	0	0	0	0
MMRF_1621	0	0	0	0	0	0	0	0	0	0	0	1	1	1	0	0	0	1	1	1	1
MMRF_1622	0	0	0	0	0	0	0	0	0	0	0	0	1	1	1	0	1	1	1	0	1
MMRF_1624	0	0	0	0	0	0	0	0	1	1	1	0	1	1	1	0	0	1	1	1	1
MMRF_1625	0	0	0	0	0	0	0	1	1	0	0	0	0	0	1	0	0	1	0	0	1
MMRF_1627	1	0	0	0	0	0	0	0	1	1	0	0	0	0	0	0	0	0	0	0	0
MMRF_1628	0	0	0	0	0	0	0	0	0	1	0	1	1	1	1	0	0	0	1	0	1
MMRF_1629	1	0	0	0	0	0	0	0	0	1	1	0	0	1	1	0	0	1	0	1	0
MMRF_1630	1	0	0	0	0	0	0	0	1	0	0	0	0	0	1	0	0	1	0	0	0
MMRF_1633	0	0	0	0	0	0	0	0	0	0	0	0	1	1	1	0	0	0	1	1	1
MMRF_1634	1	0	0	0	0	0	0	0	1	1	1	0	0	0	0	0	0	0	0	0	0
MMRF_1637	0	0	0	0	0	0	0	0	0	1	1	1	1	0	0	0	0	0	0	0	0
MMRF_1638	NA	NA	NA	NA	NA	NA	NA	NA	NA	NA	NA	NA	NA	NA	NA	NA	NA	NA	NA	NA	NA
MMRF_1639	0	0	0	0	0	0	0	0	1	1	1	0	0	1	1	0	0	1	1	1	1
MMRF_1640	0	0	0	0	0	0	0	0	1	1	1	0	1	1	1	0	1	1	1	1	1
MMRF_1641	0	0	0	0	0	0	0	0	0	1	1	1	1	1	1	0	1	1	1	0	1
MMRF_1642	0	0	0	0	0	0	0	0	1	0	0	0	0	1	1	0	0	1	1	1	1
MMRF_1643	0	0	0	0	0	0	0	0	0	0	0	0	1	1	1	0	0	0	1	1	1
MMRF_1644	0	0	0	1	0	0	0	0	1	1	1	1	0	1	1	0	1	0	1	0	1
MMRF_1645	0	0	0	0	1	0	0	0	0	0	0	0	0	0	0	0	0	0	0	0	1
MMRF_1646	0	0	0	1	0	0	0	0	0	1	0	0	1	1	1	0	0	1	1	1	0
MMRF_1647	0	0	0	0	1	0	0	0	0	1	1	0	0	0	0	0	0	0	0	0	0
MMRF_1648	0	0	0	0	0	0	0	0	1	0	0	0	1	1	1	0	1	1	1	1	1
MMRF_1650	0	0	0	0	1	0	0	0	0	0	0	0	0	0	0	0	0	0	0	0	0
MMRF_1651	0	0	0	1	0	0	0	0	0	1	1	0	0	1	1	0	1	0	1	1	0
MMRF_1652	0	0	0	1	0	0	0	0	0	0	0	1	0	1	1	0	1	0	1	1	1
MMRF_1654	0	0	0	0	0	0	0	0	0	1	1	0	0	0	1	0	0	0	1	0	1
MMRF_1655	0	0	0	0	0	0	0	0	0	1	1	0	1	1	1	0	0	0	0	1	1
MMRF_1656	0	0	0	1	0	0	0	0	1	0	0	0	1	1	1	0	0	0	1	0	1
MMRF_1659	0	0	0	1	0	0	0	0	1	1	1	1	1	1	1	0	0	1	1	0	1
MMRF_1661	NA	NA	NA	NA	NA	NA	NA	NA	NA	NA	NA	NA	NA	NA	NA	NA	NA	NA	NA	NA	NA
MMRF_1662	NA	NA	NA	NA	NA	NA	NA	NA	NA	NA	NA	NA	NA	NA	NA	NA	NA	NA	NA	NA	NA
MMRF_1664	1	0	0	0	0	0	0	0	0	1	1	0	0	0	0	0	0	0	0	0	0
MMRF_1665	0	0	0	0	0	0	0	0	0	0	0	1	1	1	1	0	1	1	1	1	1
MMRF_1667	0	0	0	1	0	0	0	0	0	0	0	0	0	1	1	0	0	0	1	1	1
MMRF_1668	1	0	0	0	0	0	0	0	1	1	1	1	0	0	0	0	0	0	0	0	0
MMRF_1670	0	0	0	0	1	0	0	0	0	1	0	1	0	0	0	0	0	0	0	0	0
MMRF_1671	0	0	0	0	1	0	0	0	1	0	0	0	0	0	0	0	0	0	0	0	0
MMRF_1672	0	0	0	0	0	0	0	0	0	0	0	0	1	1	1	0	1	1	1	1	1
MMRF_1674	1	0	0	0	0	0	0	0	1	1	1	0	0	0	0	0	0	0	0	0	0
MMRF_1676	0	0	0	1	0	0	0	0	0	0	0	0	1	1	1	0	1	0	1	1	1
MMRF_1677	0	0	0	0	1	0	0	0	0	0	0	0	0	0	0	0	0	0	0	0	0
MMRF_1678	0	0	0	0	0	0	0	0	1	0	0	0	0	0	1	0	0	1	1	0	1
MMRF_1680	1	0	0	0	0	0	0	0	1	1	1	0	1	0	0	0	0	0	0	0	0
MMRF_1682	0	0	0	1	0	0	0	0	0	0	0	0	0	0	1	0	0	1	1	1	1
MMRF_1683	1	0	0	0	0	0	1	0	1	1	1	0	0	0	0	0	0	0	0	0	0
MMRF_1686	0	0	0	0	0	0	0	0	0	0	0	0	1	1	1	0	1	1	1	1	1
MMRF_1687	0	0	0	0	0	0	0	0	0	1	1	0	0	0	0	0	0	0	0	0	1
MMRF_1689	0	0	0	0	0	0	0	0	0	1	1	0	0	1	1	0	0	1	1	1	1
MMRF_1690	0	0	0	0	0	0	0	0	0	0	0	0	1	1	1	0	0	1	1	1	1
MMRF_1691	NA	NA	NA	NA	NA	NA	NA	NA	NA	NA	NA	NA	NA	NA	NA	NA	NA	NA	NA	NA	NA
MMRF_1693	NA	NA	NA	NA	NA	NA	NA	NA	NA	NA	NA	NA	NA	NA	NA	NA	NA	NA	NA	NA	NA
MMRF_1694	1	0	0	0	0	0	0	0	0	1	1	0	0	0	0	0	0	0	0	0	0
MMRF_1695	0	0	0	0	0	0	0	0	0	0	0	0	1	1	0	0	0	0	1	1	0
MMRF_1698	0	0	0	0	0	0	0	0	0	0	0	0	1	1	1	0	1	1	0	0	0
MMRF_1700	0	0	0	0	0	0	0	0	0	1	0	0	1	1	1	0	0	1	1	0	1
MMRF_1703	NA	NA	NA	NA	NA	NA	NA	NA	NA	NA	NA	NA	NA	NA	NA	NA	NA	NA	NA	NA	NA
MMRF_1705	0	0	0	0	1	0	0	0	0	0	0	0	0	0	1	0	1	0	0	0	0
MMRF_1706	0	0	0	0	0	0	0	0	0	0	0	0	0	1	1	0	0	1	1	0	1
MMRF_1710	0	1	0	0	0	0	0	0	0	1	1	1	0	0	0	0	0	0	0	0	1
MMRF_1711	NA	NA	NA	NA	NA	NA	NA	NA	NA	NA	NA	NA	NA	NA	NA	NA	NA	NA	NA	NA	NA
MMRF_1713	0	0	0	0	0	0	0	0	0	1	1	0	1	1	1	0	1	1	1	1	1
MMRF_1714	0	0	0	0	0	0	0	0	0	1	1	0	0	1	1	0	0	1	1	1	1
MMRF_1715	0	0	0	0	0	0	0	1	1	1	1	0	0	0	0	0	0	0	0	0	0
MMRF_1716	0	0	0	0	0	0	0	0	1	1	0	0	1	1	1	0	0	1	1	1	1
MMRF_1717	NA	NA	NA	NA	NA	NA	NA	NA	NA	NA	NA	NA	NA	NA	NA	NA	NA	NA	NA	NA	NA
MMRF_1718	0	0	0	0	0	0	0	0	0	1	1	0	1	1	1	0	0	0	1	0	1
MMRF_1719	0	0	0	1	0	0	0	0	0	0	0	0	1	1	1	0	0	0	1	0	1
MMRF_1720	0	0	0	1	0	0	0	0	0	0	0	0	0	1	1	0	1	0	1	0	1
MMRF_1721	1	0	0	0	0	0	0	0	0	1	1	1	0	0	0	0	0	0	0	0	0
MMRF_1722	0	0	0	0	1	0	0	0	0	1	1	0	0	0	0	0	0	0	0	0	0
MMRF_1723	0	0	0	0	0	0	0	0	1	1	1	1	1	1	1	0	0	0	1	0	1
MMRF_1725	0	0	0	1	0	0	0	0	1	1	1	0	0	0	0	0	0	0	0	0	1
MMRF_1726	0	0	0	0	0	1	0	0	1	1	1	0	0	0	1	0	0	0	1	1	1
MMRF_1727	0	0	0	0	0	0	0	0	1	1	1	0	0	0	0	0	0	0	0	0	0
MMRF_1730	0	0	0	0	0	0	0	0	0	0	0	0	0	1	1	1	1	0	1	0	1
MMRF_1731	NA	NA	NA	NA	NA	NA	NA	NA	NA	NA	NA	NA	NA	NA	NA	NA	NA	NA	NA	NA	NA
MMRF_1733	0	0	0	0	0	0	0	0	0	0	0	0	1	1	1	0	0	1	1	1	1
MMRF_1735	0	0	0	1	0	0	0	0	0	0	0	0	1	1	1	0	1	1	1	1	1
MMRF_1736	0	0	0	0	1	0	0	0	0	1	1	0	1	0	0	0	0	0	1	0	0
MMRF_1738	0	0	0	1	0	0	0	0	1	1	1	1	1	1	1	0	0	1	0	1	1
MMRF_1739	0	0	0	0	0	0	0	0	0	0	0	0	1	1	1	0	1	1	1	1	1
MMRF_1740	0	0	0	0	1	0	0	0	1	0	0	0	0	0	0	0	0	0	0	0	0
MMRF_1744	1	0	0	0	0	0	0	0	0	1	1	0	0	0	0	0	0	0	0	0	0
MMRF_1746	0	0	0	0	0	0	0	1	0	0	0	0	0	0	1	0	0	0	1	1	0
MMRF_1749	NA	NA	NA	NA	NA	NA	NA	NA	NA	NA	NA	NA	NA	NA	NA	NA	NA	NA	NA	NA	NA
MMRF_1750	1	0	0	0	0	0	0	0	0	0	0	0	0	0	0	0	0	1	0	0	0
MMRF_1753	0	0	0	0	1	0	0	0	0	0	0	0	0	0	0	0	0	0	0	0	0
MMRF_1755	0	0	0	0	1	0	0	0	0	1	1	1	1	0	0	0	0	1	0	1	1
MMRF_1758	0	0	0	0	0	0	0	0	1	1	1	1	1	1	1	1	0	1	1	1	1
MMRF_1759	0	0	0	0	0	0	0	0	0	0	0	0	1	1	1	0	0	1	1	0	1
MMRF_1760	1	0	0	0	0	0	0	0	0	1	1	0	0	0	0	0	0	0	0	0	0
MMRF_1761	0	0	0	0	0	0	0	0	0	1	1	0	1	1	1	0	1	1	1	1	1
MMRF_1763	0	0	0	0	0	0	0	0	0	0	0	0	0	1	1	0	0	1	1	0	1
MMRF_1766	0	0	0	0	0	0	0	0	0	0	0	0	0	1	1	0	1	1	1	0	1
MMRF_1768	0	0	0	0	0	0	0	0	1	0	0	0	1	1	1	0	0	1	1	1	1
MMRF_1771	0	0	0	0	0	0	0	0	1	0	0	0	0	1	1	0	1	1	1	1	1
MMRF_1772	0	0	0	0	0	0	1	0	1	1	1	0	0	0	0	0	0	0	0	0	1
MMRF_1773	0	0	0	0	1	0	0	0	0	0	0	0	0	0	0	0	0	0	1	0	0
MMRF_1774	0	0	0	0	1	0	0	0	0	1	1	1	0	0	0	0	0	0	0	0	0
MMRF_1775	0	0	0	1	0	0	0	0	0	0	0	0	1	1	1	0	0	0	1	0	1
MMRF_1777	0	0	0	1	0	0	0	0	0	0	0	0	0	1	1	0	1	0	1	1	1
MMRF_1778	0	0	0	0	0	0	0	1	1	1	0	0	0	0	0	0	0	0	0	0	0
MMRF_1780	0	0	0	0	1	0	0	0	1	0	0	0	0	0	0	0	0	0	0	0	0
MMRF_1781	0	0	0	0	0	0	0	0	1	0	0	0	0	0	1	0	0	0	0	0	0
MMRF_1782	0	0	0	0	0	0	0	0	0	1	1	0	0	0	0	0	0	0	0	0	1
MMRF_1783	1	0	0	1	0	0	0	0	1	1	1	0	0	0	0	0	0	0	0	0	0
MMRF_1784	0	0	0	1	0	0	0	0	1	0	0	0	1	1	1	0	1	1	1	1	1
MMRF_1785	1	0	0	0	0	0	0	0	1	1	1	0	0	0	0	0	0	0	0	0	0
MMRF_1786	0	0	0	0	0	0	0	0	0	1	1	0	1	1	1	0	1	0	1	0	1
MMRF_1787	0	0	0	0	1	0	0	0	1	0	0	0	0	0	0	0	0	0	0	0	0
MMRF_1790	0	0	0	0	1	0	0	0	0	0	0	0	0	0	0	0	0	0	0	0	0
MMRF_1792	0	0	0	0	0	0	0	0	0	0	0	0	1	1	1	0	1	0	1	1	1
MMRF_1793	0	0	0	0	0	0	0	0	0	0	0	0	0	1	1	0	0	1	1	1	1
MMRF_1794	0	0	0	0	1	0	0	0	1	1	1	0	0	0	0	0	0	0	0	0	1
MMRF_1795	0	0	0	0	0	0	0	0	1	0	0	0	1	1	1	0	1	1	1	1	1
MMRF_1796	0	0	0	0	0	0	0	0	0	0	0	0	0	0	0	0	0	0	0	1	0
MMRF_1797	0	0	0	0	1	0	0	0	1	0	0	0	0	0	0	0	0	0	0	0	0
MMRF_1801	0	0	0	0	0	0	0	0	1	1	0	0	0	0	0	0	0	0	0	0	0
MMRF_1802	0	0	0	0	0	0	0	0	0	0	0	0	1	1	1	0	0	1	1	1	1
MMRF_1803	0	0	0	0	0	0	0	0	0	1	1	1	1	1	1	0	1	1	0	1	1
MMRF_1805	0	0	0	0	0	0	0	0	0	0	0	1	0	0	0	0	0	0	0	0	0
MMRF_1807	0	0	0	0	0	0	0	0	NA	NA	NA	NA	NA	NA	NA	NA	NA	NA	NA	NA	NA
MMRF_1808	0	0	0	0	0	0	0	0	0	0	0	0	1	0	1	0	0	1	0	0	1
MMRF_1810	0	0	0	0	0	0	0	0	1	1	1	0	0	0	1	0	0	0	1	1	1
MMRF_1814	0	0	0	0	0	0	0	0	0	1	1	0	1	1	1	0	0	1	1	0	1
MMRF_1815	1	0	0	1	0	0	0	0	1	1	1	0	0	0	0	0	0	1	0	0	0
MMRF_1816	0	0	0	0	1	0	0	0	1	1	1	1	0	0	0	0	0	0	0	0	0
MMRF_1817	0	0	0	0	1	0	0	0	0	1	1	0	0	0	0	0	0	0	0	0	0
MMRF_1819	0	0	0	0	1	0	0	0	0	0	0	0	0	0	0	0	0	0	0	0	0
MMRF_1820	0	0	0	0	0	0	0	0	0	0	0	0	1	1	1	0	0	1	1	0	1
MMRF_1822	1	0	0	0	0	0	0	0	0	1	1	0	0	0	0	0	0	0	0	0	0
MMRF_1823	1	0	0	0	0	0	0	0	0	1	1	0	0	0	1	0	0	0	0	0	0
MMRF_1824	0	0	0	0	0	0	0	0	1	0	0	0	0	1	1	0	0	0	1	0	1
MMRF_1825	1	0	0	0	0	0	0	0	1	1	1	0	1	1	0	0	0	1	0	0	0
MMRF_1829	NA	NA	NA	NA	NA	NA	NA	NA	NA	NA	NA	NA	NA	NA	NA	NA	NA	NA	NA	NA	NA
MMRF_1830	0	0	0	0	0	0	0	1	1	1	0	0	0	0	0	0	0	0	0	0	0
MMRF_1831	0	0	0	0	0	0	0	0	0	0	0	1	1	1	1	0	1	1	0	0	1
MMRF_1832	0	0	0	0	0	0	0	1	0	1	1	0	0	0	0	0	0	0	0	0	0
MMRF_1833	0	0	0	0	0	0	0	0	1	0	0	0	1	1	1	0	1	1	1	1	1
MMRF_1834	0	0	0	0	0	0	0	0	0	0	0	0	1	1	1	0	0	1	1	1	1
MMRF_1835	0	0	0	0	1	0	0	0	0	0	0	0	0	0	0	0	0	0	0	0	0
MMRF_1837	0	0	0	0	1	0	0	0	0	1	1	1	0	0	0	0	0	0	0	0	0
MMRF_1838	0	0	0	0	1	0	0	0	0	0	0	0	0	0	0	0	0	0	0	0	0
MMRF_1839	0	0	0	0	0	0	0	0	0	1	1	1	1	1	1	0	0	1	1	1	1
MMRF_1841	1	0	0	0	0	0	0	0	0	1	1	1	0	0	1	0	1	1	0	0	0
MMRF_1842	0	0	0	0	1	0	0	0	0	1	1	0	0	0	0	0	0	0	0	0	0
MMRF_1845	1	0	0	0	0	0	0	0	1	1	1	0	0	0	0	0	0	0	0	0	0
MMRF_1846	0	0	0	0	0	0	0	0	0	1	1	0	1	0	1	0	1	1	0	1	1
MMRF_1847	1	0	0	0	0	0	0	0	1	1	1	0	0	0	0	0	0	0	0	1	0
MMRF_1850	0	0	0	1	0	0	0	0	0	0	0	0	1	1	1	0	0	1	1	1	1
MMRF_1851	0	0	0	0	1	0	0	0	0	1	1	0	0	0	0	0	0	0	0	0	0
MMRF_1854	0	0	0	0	0	0	0	0	1	1	1	0	1	0	1	0	0	1	1	1	1
MMRF_1855	0	0	0	0	0	0	1	0	1	1	1	0	0	0	0	0	0	0	0	0	0
MMRF_1856	0	0	0	0	1	0	0	0	0	0	0	0	0	0	0	0	0	0	0	0	0
MMRF_1857	NA	NA	NA	NA	NA	NA	NA	NA	NA	NA	NA	NA	NA	NA	NA	NA	NA	NA	NA	NA	NA
MMRF_1858	0	0	0	1	0	0	0	0	0	1	1	0	0	1	1	0	0	0	1	1	1
MMRF_1859	0	0	0	0	0	0	0	0	0	0	0	0	1	1	1	0	1	1	1	1	1
MMRF_1860	0	0	0	0	1	0	0	0	0	0	0	0	0	0	0	0	0	0	0	0	0
MMRF_1861	0	0	0	0	0	0	0	0	0	0	0	0	1	1	1	0	0	0	1	0	1
MMRF_1862	0	0	0	1	1	0	0	0	0	0	0	0	0	0	0	0	0	0	0	0	0
MMRF_1865	0	0	0	0	1	0	0	0	0	0	0	0	0	0	0	0	0	0	0	0	0
MMRF_1866	1	0	0	0	0	0	0	0	1	1	1	0	0	0	0	0	0	0	0	0	0
MMRF_1867	0	0	0	0	0	0	0	0	0	0	0	0	0	1	1	0	1	1	0	0	1
MMRF_1871	0	0	0	0	0	0	0	0	0	0	0	0	0	1	1	0	1	1	1	1	1
MMRF_1873	0	0	0	0	0	0	0	0	1	1	0	0	1	1	1	0	1	1	1	1	1
MMRF_1876	0	0	0	1	0	0	0	0	1	1	1	0	1	1	1	0	1	1	0	1	0
MMRF_1879	0	0	0	0	1	0	0	0	0	1	1	1	0	0	0	0	0	0	0	0	0
MMRF_1880	0	0	0	1	0	0	0	0	0	0	0	0	1	1	1	0	1	1	1	1	1
MMRF_1881	0	0	0	0	0	0	0	0	0	0	0	0	1	1	1	0	1	1	1	0	1
MMRF_1882	0	0	0	0	0	0	0	0	0	1	1	0	1	1	1	0	0	0	1	0	1
MMRF_1886	0	0	0	0	1	0	0	0	1	0	0	0	0	0	0	0	0	0	0	0	0
MMRF_1888	0	0	0	1	0	0	0	0	1	0	0	0	0	1	1	0	0	0	0	1	1
MMRF_1889	0	0	0	1	0	0	0	0	0	1	1	0	0	1	0	0	1	0	1	1	1
MMRF_1890	1	0	0	0	0	0	0	0	1	1	0	1	0	0	0	0	0	0	0	0	0
MMRF_1891	0	0	0	0	0	0	0	0	1	1	1	0	0	0	1	0	0	0	0	0	1
MMRF_1893	0	0	0	0	1	0	0	0	0	0	0	0	1	1	1	0	1	0	1	1	1
MMRF_1895	0	0	0	0	0	0	0	0	0	0	0	0	1	1	1	0	0	1	1	0	1
MMRF_1897	NA	NA	NA	NA	NA	NA	NA	NA	NA	NA	NA	NA	NA	NA	NA	NA	NA	NA	NA	NA	NA
MMRF_1900	0	0	0	1	0	0	0	0	0	0	0	0	1	1	1	0	1	1	1	1	1
MMRF_1906	0	0	0	0	1	0	0	0	1	0	0	0	0	0	0	0	0	0	0	0	0
MMRF_1908	0	1	0	0	0	0	0	0	1	1	1	0	0	0	0	0	0	0	0	0	0
MMRF_1910	NA	NA	NA	NA	NA	NA	NA	NA	NA	NA	NA	NA	NA	NA	NA	NA	NA	NA	NA	NA	NA
MMRF_1911	0	0	0	0	0	1	0	0	0	1	1	0	0	0	0	0	0	0	0	0	0
MMRF_1912	NA	NA	NA	NA	NA	NA	NA	NA	NA	NA	NA	NA	NA	NA	NA	NA	NA	NA	NA	NA	NA
MMRF_1913	NA	NA	NA	NA	NA	NA	NA	NA	NA	NA	NA	NA	NA	NA	NA	NA	NA	NA	NA	NA	NA
MMRF_1915	0	0	0	0	1	0	0	0	0	0	0	1	0	0	0	0	0	0	0	0	0
MMRF_1916	0	0	0	1	0	0	0	0	1	1	1	0	0	1	1	0	0	0	1	0	1
MMRF_1917	0	0	0	0	0	0	0	0	0	1	1	0	0	0	0	0	0	0	0	0	0
MMRF_1918	0	0	0	0	1	0	0	0	1	0	0	0	0	0	0	0	0	0	0	0	0
MMRF_1921	0	0	0	0	0	0	0	0	0	0	0	0	1	1	1	0	0	1	1	1	1
MMRF_1922	0	0	0	1	0	0	0	0	0	1	1	1	1	1	1	0	1	1	1	1	1
MMRF_1923	NA	NA	NA	NA	NA	NA	NA	NA	NA	NA	NA	NA	NA	NA	NA	NA	NA	NA	NA	NA	NA
MMRF_1927	0	0	0	0	1	0	0	0	0	1	0	0	0	0	0	0	0	1	0	0	0
MMRF_1928	0	0	0	0	0	0	0	0	1	0	0	0	0	0	0	0	1	1	0	0	1
MMRF_1929	0	0	0	0	1	0	0	0	0	1	1	0	0	0	0	0	0	0	0	0	0
MMRF_1930	0	0	0	0	1	0	0	0	1	1	1	0	1	0	1	0	1	1	1	1	1
MMRF_1931	0	0	0	1	0	0	0	0	1	0	0	0	0	1	1	0	0	1	1	0	1
MMRF_1932	0	0	0	1	0	0	0	0	0	0	0	0	1	1	1	0	1	1	1	1	1
MMRF_1933	NA	NA	NA	NA	NA	NA	NA	NA	NA	NA	NA	NA	NA	NA	NA	NA	NA	NA	NA	NA	NA
MMRF_1935	0	1	0	0	0	0	0	0	NA	NA	NA	NA	NA	NA	NA	NA	NA	NA	NA	NA	NA
MMRF_1936	NA	NA	NA	NA	NA	NA	NA	NA	NA	NA	NA	NA	NA	NA	NA	NA	NA	NA	NA	NA	NA
MMRF_1939	NA	NA	NA	NA	NA	NA	NA	NA	NA	NA	NA	NA	NA	NA	NA	NA	NA	NA	NA	NA	NA
MMRF_1940	0	0	0	0	0	0	0	0	0	1	1	0	1	1	0	0	0	0	0	0	0
MMRF_1941	NA	NA	NA	NA	NA	NA	NA	NA	NA	NA	NA	NA	NA	NA	NA	NA	NA	NA	NA	NA	NA
MMRF_1944	NA	NA	NA	NA	NA	NA	NA	NA	NA	NA	NA	NA	NA	NA	NA	NA	NA	NA	NA	NA	NA
MMRF_1945	NA	NA	NA	NA	NA	NA	NA	NA	NA	NA	NA	NA	NA	NA	NA	NA	NA	NA	NA	NA	NA
MMRF_1947	NA	NA	NA	NA	NA	NA	NA	NA	NA	NA	NA	NA	NA	NA	NA	NA	NA	NA	NA	NA	NA
MMRF_1949	NA	NA	NA	NA	NA	NA	NA	NA	NA	NA	NA	NA	NA	NA	NA	NA	NA	NA	NA	NA	NA
MMRF_1950	NA	NA	NA	NA	NA	NA	NA	NA	NA	NA	NA	NA	NA	NA	NA	NA	NA	NA	NA	NA	NA
MMRF_1951	NA	NA	NA	NA	NA	NA	NA	NA	NA	NA	NA	NA	NA	NA	NA	NA	NA	NA	NA	NA	NA
MMRF_1952	NA	NA	NA	NA	NA	NA	NA	NA	NA	NA	NA	NA	NA	NA	NA	NA	NA	NA	NA	NA	NA
MMRF_1953	NA	NA	NA	NA	NA	NA	NA	NA	NA	NA	NA	NA	NA	NA	NA	NA	NA	NA	NA	NA	NA
MMRF_1955	0	0	0	0	0	1	0	0	0	0	0	0	0	0	0	0	0	0	0	0	1
MMRF_1957	0	0	0	0	0	0	0	0	0	0	0	0	1	0	1	0	0	1	0	0	0
MMRF_1960	0	0	0	0	0	0	0	0	0	0	0	0	1	1	1	0	1	1	1	1	1
MMRF_1963	0	0	0	0	0	0	0	0	0	1	1	0	0	0	0	0	0	0	0	0	0
MMRF_1965	0	0	0	0	0	0	1	0	1	1	1	0	0	0	0	0	0	0	0	0	0
MMRF_1967	0	0	0	0	0	0	0	0	0	0	0	0	1	1	0	1	0	1	0	0	0
MMRF_1969	NA	NA	NA	NA	NA	NA	NA	NA	NA	NA	NA	NA	NA	NA	NA	NA	NA	NA	NA	NA	NA
MMRF_1970	0	0	0	0	0	0	0	0	0	1	0	0	1	1	1	0	0	1	0	1	1
MMRF_1971	0	0	0	0	0	0	1	0	1	1	1	0	0	0	0	0	0	0	0	0	0
MMRF_1972	0	0	0	0	0	0	0	0	0	1	0	0	1	1	1	0	0	1	1	1	1
MMRF_1974	NA	NA	NA	NA	NA	NA	NA	NA	NA	NA	NA	NA	NA	NA	NA	NA	NA	NA	NA	NA	NA
MMRF_1977	0	0	0	0	0	0	0	0	0	0	0	0	0	1	1	0	0	1	1	0	1
MMRF_1978	0	0	0	0	0	0	0	0	1	0	0	0	0	1	1	0	0	1	1	1	1
MMRF_1980	NA	NA	NA	NA	NA	NA	NA	NA	NA	NA	NA	NA	NA	NA	NA	NA	NA	NA	NA	NA	NA
MMRF_1981	0	0	0	0	0	0	0	0	0	0	0	1	1	1	1	1	1	1	1	1	1
MMRF_1982	0	0	0	0	0	0	0	0	0	0	0	0	0	1	1	0	0	1	1	1	1
MMRF_1983	NA	NA	NA	NA	NA	NA	NA	NA	NA	NA	NA	NA	NA	NA	NA	NA	NA	NA	NA	NA	NA
MMRF_1984	NA	NA	NA	NA	NA	NA	NA	NA	NA	NA	NA	NA	NA	NA	NA	NA	NA	NA	NA	NA	NA
MMRF_1985	0	0	0	0	0	0	0	0	0	1	1	0	1	1	1	0	1	1	1	1	1
MMRF_1986	0	0	0	0	0	0	1	0	0	0	0	0	0	0	1	0	1	1	0	1	1
MMRF_1988	0	0	0	0	0	0	0	0	0	0	0	0	1	1	1	0	0	1	0	1	1
MMRF_1989	NA	NA	NA	NA	NA	NA	NA	NA	NA	NA	NA	NA	NA	NA	NA	NA	NA	NA	NA	NA	NA
MMRF_1991	0	0	0	1	0	0	0	0	0	1	1	0	0	1	1	0	0	1	1	1	1
MMRF_1992	0	0	0	0	1	0	0	0	0	0	0	0	1	0	1	0	1	0	0	0	1
MMRF_1994	0	0	0	1	0	0	0	0	1	1	1	0	0	0	0	0	1	0	0	0	0
MMRF_1995	0	0	0	1	0	0	0	0	0	0	0	0	1	1	1	0	1	1	1	0	1
MMRF_1997	0	0	0	0	0	0	0	0	0	1	1	0	1	1	1	0	0	1	1	1	1
MMRF_1998	0	0	0	0	1	0	0	0	1	0	0	0	0	0	0	0	0	0	0	0	0
MMRF_1999	0	0	0	0	0	0	1	0	1	0	0	0	0	0	1	0	1	1	0	1	1
MMRF_2000	0	0	0	0	1	0	0	0	0	1	1	0	0	0	0	0	0	0	0	0	0
MMRF_2001	0	0	0	1	0	0	0	0	0	0	0	0	1	1	1	0	0	1	1	1	1
MMRF_2002	0	0	0	0	0	0	0	0	1	0	0	0	1	1	1	0	1	1	1	1	1
MMRF_2005	0	0	0	0	1	0	0	0	0	0	0	0	0	0	0	0	0	0	0	0	0
MMRF_2006	1	0	0	0	0	0	0	0	0	0	0	0	1	1	1	0	0	1	1	1	1
MMRF_2007	0	0	0	0	1	0	0	0	1	0	0	0	0	0	0	0	0	0	0	0	0
MMRF_2008	NA	NA	NA	NA	NA	NA	NA	NA	NA	NA	NA	NA	NA	NA	NA	NA	NA	NA	NA	NA	NA
MMRF_2011	NA	NA	NA	NA	NA	NA	NA	NA	NA	NA	NA	NA	NA	NA	NA	NA	NA	NA	NA	NA	NA
MMRF_2012	0	0	0	0	0	0	0	0	0	1	1	0	0	1	0	1	0	0	1	0	1
MMRF_2013	0	0	0	0	0	0	0	0	0	1	1	1	0	0	0	0	0	0	0	0	0
MMRF_2014	0	0	0	0	1	0	0	0	0	1	1	0	0	1	0	0	0	0	0	0	1
MMRF_2015	0	0	0	0	1	0	0	0	0	1	1	1	0	0	0	0	0	0	0	0	0
MMRF_2016	0	0	0	1	0	0	0	0	0	0	0	0	1	1	1	0	0	1	1	1	1
MMRF_2017	0	0	0	0	1	0	0	0	0	0	0	0	0	0	0	0	0	0	0	0	0
MMRF_2018	0	0	0	0	0	0	0	0	0	0	0	0	1	1	1	0	1	1	1	1	1
MMRF_2019	NA	NA	NA	NA	NA	NA	NA	NA	NA	NA	NA	NA	NA	NA	NA	NA	NA	NA	NA	NA	NA
MMRF_2021	NA	NA	NA	NA	NA	NA	NA	NA	NA	NA	NA	NA	NA	NA	NA	NA	NA	NA	NA	NA	NA
MMRF_2024	0	0	0	0	1	0	0	0	0	1	0	0	0	0	0	0	0	0	0	0	0
MMRF_2026	0	0	0	0	0	0	0	0	0	0	0	0	0	0	1	0	0	1	0	1	0
MMRF_2035	0	0	0	0	0	0	0	0	1	1	1	0	0	1	1	0	1	1	1	1	1
MMRF_2038	0	0	0	0	0	0	0	0	0	0	0	0	1	1	1	0	1	1	1	1	1
MMRF_2039	0	0	0	0	0	0	0	0	1	1	1	0	0	1	1	0	0	1	1	0	1
MMRF_2041	0	0	0	0	0	0	1	0	0	1	1	0	0	0	0	0	0	0	0	0	0
MMRF_2043	0	0	0	1	0	0	0	0	0	1	1	1	1	1	1	0	0	0	1	1	1
MMRF_2047	0	0	0	0	0	0	0	0	1	0	0	0	0	1	1	0	0	1	0	1	1
MMRF_2049	NA	NA	NA	NA	NA	NA	NA	NA	NA	NA	NA	NA	NA	NA	NA	NA	NA	NA	NA	NA	NA
MMRF_2050	0	0	0	0	0	0	0	0	1	0	0	0	0	1	1	0	1	1	1	1	1
MMRF_2054	0	0	0	0	0	0	0	0	0	0	0	0	1	1	1	0	0	1	1	0	1
MMRF_2055	0	0	0	0	0	0	0	0	1	1	1	0	0	1	1	0	0	1	1	1	1
MMRF_2056	0	0	0	0	1	0	0	0	0	0	0	0	0	0	0	0	0	0	0	0	0
MMRF_2057	0	0	0	0	0	0	0	0	0	1	1	0	0	1	1	0	0	0	1	1	1
MMRF_2058	0	0	0	0	0	0	0	0	1	0	0	0	1	1	1	0	1	1	1	1	1
MMRF_2059	0	0	0	1	0	1	0	0	1	0	0	0	0	0	0	0	0	0	0	0	0
MMRF_2061	0	0	0	0	0	0	0	0	0	1	1	0	0	1	1	0	1	1	1	1	1
MMRF_2062	0	0	0	0	0	0	0	0	0	1	1	0	0	0	0	0	0	1	0	1	0
MMRF_2063	0	0	0	1	0	0	0	0	0	0	0	0	0	1	0	0	0	1	1	1	1
MMRF_2064	NA	NA	NA	NA	NA	NA	NA	NA	NA	NA	NA	NA	NA	NA	NA	NA	NA	NA	NA	NA	NA
MMRF_2068	0	0	0	0	0	0	0	0	1	0	0	0	0	1	1	0	0	1	1	1	1
MMRF_2072	0	0	0	0	0	0	0	0	NA	NA	NA	NA	NA	NA	NA	NA	NA	NA	NA	NA	NA
MMRF_2074	0	0	0	1	0	0	0	0	1	1	1	0	1	1	1	0	1	1	1	1	1
MMRF_2076	0	0	0	0	0	0	0	1	0	1	1	1	1	1	1	0	1	1	1	1	1
MMRF_2078	NA	NA	NA	NA	NA	NA	NA	NA	NA	NA	NA	NA	NA	NA	NA	NA	NA	NA	NA	NA	NA
MMRF_2079	0	0	0	0	0	0	0	0	0	0	0	0	1	1	1	0	1	1	1	1	1
MMRF_2080	0	0	0	0	0	0	0	0	0	0	0	0	0	1	1	0	0	1	1	1	1
MMRF_2081	0	0	0	1	0	0	0	0	1	1	0	0	0	0	0	0	0	1	0	0	0
MMRF_2082	0	0	0	0	0	1	0	0	0	0	0	0	0	1	1	0	0	1	1	1	1
MMRF_2083	0	0	0	0	1	0	0	0	0	1	1	1	0	0	0	0	0	0	0	0	0
MMRF_2085	NA	NA	NA	NA	NA	NA	NA	NA	NA	NA	NA	NA	NA	NA	NA	NA	NA	NA	NA	NA	NA
MMRF_2087	0	0	0	0	0	0	0	0	0	1	1	0	1	1	1	0	0	1	1	1	1
MMRF_2089	0	0	0	0	0	0	0	0	1	1	1	0	1	1	1	0	1	1	1	1	1
MMRF_2090	1	0	0	0	0	0	0	0	1	1	1	0	0	0	0	0	0	1	0	0	1
MMRF_2091	0	0	0	0	0	0	1	0	0	1	1	1	0	0	0	0	0	0	0	0	0
MMRF_2093	1	0	0	1	0	0	0	0	1	1	1	0	0	0	0	0	0	0	0	0	0
MMRF_2095	0	0	0	0	1	0	0	0	0	0	0	0	0	0	0	0	0	0	0	0	0
MMRF_2097	0	0	0	0	1	0	0	0	0	1	1	0	0	0	0	0	0	0	0	0	0
MMRF_2098	0	0	0	0	0	0	0	0	0	0	0	0	1	1	1	0	0	1	1	1	1
MMRF_2101	0	0	0	1	0	0	0	0	1	1	1	0	1	1	1	0	1	1	1	1	1
MMRF_2102	0	0	0	0	1	0	0	0	0	0	0	0	0	0	0	0	0	0	0	0	0
MMRF_2104	NA	NA	NA	NA	NA	NA	NA	NA	NA	NA	NA	NA	NA	NA	NA	NA	NA	NA	NA	NA	NA
MMRF_2106	0	0	0	0	0	0	1	0	1	1	1	0	0	0	0	0	0	0	1	0	0
MMRF_2107	0	0	0	0	0	0	0	0	0	0	0	0	1	1	1	0	1	1	1	1	1
MMRF_2111	0	0	0	0	0	0	0	0	0	0	0	0	0	1	1	0	1	0	1	1	1
MMRF_2112	0	0	0	1	0	0	0	0	1	1	1	0	0	1	0	0	0	0	1	0	0
MMRF_2113	0	0	0	0	0	0	0	0	1	1	1	0	0	0	0	0	0	0	0	0	1
MMRF_2114	NA	NA	NA	NA	NA	NA	NA	NA	NA	NA	NA	NA	NA	NA	NA	NA	NA	NA	NA	NA	NA
MMRF_2115	0	0	0	0	0	0	0	0	0	1	1	0	1	0	1	0	0	0	0	0	1
MMRF_2116	0	0	0	0	0	0	0	0	0	0	0	0	1	1	1	0	1	1	1	1	1
MMRF_2118	1	0	0	0	0	0	0	0	0	1	1	0	0	0	0	0	0	0	0	0	0
MMRF_2119	0	0	0	0	0	0	0	0	1	1	1	0	0	1	1	0	0	0	1	1	1
MMRF_2122	1	0	0	0	0	0	0	0	0	1	1	0	0	0	0	0	0	0	0	0	0
MMRF_2124	1	0	0	0	0	0	0	0	1	1	1	0	0	0	0	0	1	0	0	0	0
MMRF_2125	0	0	0	0	1	0	0	0	1	0	0	0	0	0	0	0	0	0	0	0	0
MMRF_2126	0	0	0	0	0	0	0	1	0	0	0	0	1	1	1	0	1	1	1	0	1
MMRF_2128	0	0	0	0	0	0	0	0	0	0	0	0	1	1	1	0	0	1	1	0	1
MMRF_2129	0	0	0	0	1	0	0	0	0	0	0	0	0	1	1	0	0	0	0	0	1
MMRF_2132	0	0	0	0	0	0	0	0	1	0	0	0	0	0	1	0	0	0	1	0	1
MMRF_2137	0	0	0	0	1	0	0	0	1	1	1	0	0	0	0	0	0	0	0	0	0
MMRF_2138	0	0	0	1	0	0	0	0	0	0	0	0	1	1	1	0	0	1	1	0	1
MMRF_2140	0	0	0	0	1	0	0	0	1	0	0	0	0	0	0	0	0	0	0	0	0
MMRF_2141	0	0	0	0	0	0	0	0	0	0	0	0	1	0	1	0	1	0	1	0	1
MMRF_2142	NA	NA	NA	NA	NA	NA	NA	NA	NA	NA	NA	NA	NA	NA	NA	NA	NA	NA	NA	NA	NA
MMRF_2143	0	0	0	0	0	0	0	0	0	0	0	0	1	1	1	0	0	1	1	0	1
MMRF_2144	0	0	0	0	0	1	0	0	0	1	1	0	0	0	0	0	0	0	0	0	0
MMRF_2147	NA	NA	NA	NA	NA	NA	NA	NA	NA	NA	NA	NA	NA	NA	NA	NA	NA	NA	NA	NA	NA
MMRF_2149	0	0	0	0	0	0	0	0	0	0	0	0	1	1	1	0	1	0	1	1	1
MMRF_2150	0	0	0	1	0	0	0	0	1	0	0	0	1	1	0	0	0	1	1	1	1
MMRF_2151	0	1	0	0	0	0	0	0	0	1	1	0	1	1	0	0	0	1	0	0	1
MMRF_2152	0	0	0	0	0	0	0	0	0	1	1	1	1	1	1	0	0	1	1	1	0
MMRF_2153	0	0	0	0	0	0	0	1	0	0	0	0	0	0	0	0	0	0	0	0	0
MMRF_2159	0	0	0	0	1	0	0	0	0	0	0	0	0	0	0	0	0	0	0	0	0
MMRF_2160	NA	NA	NA	NA	NA	NA	NA	NA	NA	NA	NA	NA	NA	NA	NA	NA	NA	NA	NA	NA	NA
MMRF_2166	NA	NA	NA	NA	NA	NA	NA	NA	NA	NA	NA	NA	NA	NA	NA	NA	NA	NA	NA	NA	NA
MMRF_2167	0	0	0	1	0	0	0	0	0	1	1	0	1	1	1	0	0	1	1	0	1
MMRF_2168	0	0	0	0	0	0	0	0	0	0	0	0	1	0	0	0	1	1	1	0	1
MMRF_2170	0	0	0	0	0	0	0	0	1	1	1	0	0	0	0	0	0	0	0	0	0
MMRF_2171	NA	NA	NA	NA	NA	NA	NA	NA	NA	NA	NA	NA	NA	NA	NA	NA	NA	NA	NA	NA	NA
MMRF_2172	1	0	0	0	0	0	0	0	1	1	1	0	0	0	0	0	0	0	0	0	0
MMRF_2173	0	0	0	0	1	0	0	0	0	0	0	0	0	0	1	0	0	0	0	0	0
MMRF_2174	0	0	1	0	0	0	0	0	1	0	0	0	1	0	0	0	0	1	0	0	1
MMRF_2176	1	0	0	0	0	0	0	0	0	1	1	0	0	0	0	0	0	0	0	0	0
MMRF_2180	0	0	0	0	0	0	0	0	0	0	0	0	1	1	1	0	1	0	1	0	1
MMRF_2181	0	0	0	0	0	0	0	0	1	0	0	0	0	0	0	0	0	0	0	0	0
MMRF_2183	0	0	0	1	0	0	0	0	0	0	0	0	1	1	1	0	1	1	1	1	1
MMRF_2185	0	0	0	0	1	0	0	0	0	0	0	0	0	0	0	0	0	0	0	0	0
MMRF_2186	0	0	0	0	1	0	0	0	0	0	0	0	0	0	0	0	0	0	0	0	0
MMRF_2187	0	0	0	1	0	0	0	0	1	0	0	0	1	1	1	0	1	1	1	1	1
MMRF_2190	0	0	0	0	1	0	0	0	0	0	0	0	0	0	0	0	0	0	0	0	0
MMRF_2191	0	0	0	0	0	0	0	0	1	1	1	0	0	1	1	1	0	1	0	1	1
MMRF_2194	0	0	0	0	1	0	0	0	0	1	0	1	0	0	0	0	0	1	0	0	0
MMRF_2195	0	0	0	0	0	0	0	0	0	1	1	0	1	1	1	0	1	0	1	1	1
MMRF_2196	NA	NA	NA	NA	NA	NA	NA	NA	NA	NA	NA	NA	NA	NA	NA	NA	NA	NA	NA	NA	NA
MMRF_2197	0	0	0	0	0	0	0	0	0	1	1	0	0	1	0	0	1	1	0	0	1
MMRF_2198	0	0	0	0	0	0	0	0	0	1	0	0	1	1	1	0	0	1	1	0	1
MMRF_2199	0	0	0	0	1	0	0	0	0	0	0	0	1	1	1	0	0	1	0	1	1
MMRF_2200	0	0	0	0	0	0	0	0	0	0	0	0	0	0	0	0	0	0	0	0	1
MMRF_2201	0	0	0	0	1	0	0	0	0	0	0	0	0	0	0	0	0	0	0	0	0
MMRF_2203	1	0	0	0	0	0	0	0	0	1	1	0	0	0	0	0	0	1	0	0	0
MMRF_2204	0	0	0	0	0	0	0	0	1	1	1	0	0	0	0	0	1	0	1	1	1
MMRF_2207	0	0	0	0	0	0	0	0	0	1	0	0	1	0	1	0	0	1	0	0	1
MMRF_2209	0	0	0	0	0	0	0	0	0	0	0	0	1	1	1	1	0	1	1	1	1
MMRF_2211	0	0	0	1	0	0	0	0	0	1	1	0	0	0	0	0	0	0	0	1	0
MMRF_2213	0	0	0	0	0	0	0	0	1	1	1	0	0	1	1	0	0	1	1	1	1
MMRF_2214	0	0	0	1	0	0	0	0	0	0	0	0	1	1	1	1	0	1	1	0	1
MMRF_2215	0	0	0	0	0	0	0	0	0	1	0	0	1	0	1	0	0	1	0	0	1
MMRF_2216	0	0	0	0	0	0	0	0	0	0	0	0	1	1	1	0	0	0	1	0	1
MMRF_2217	0	0	0	1	0	0	0	0	0	1	0	0	0	1	1	0	0	1	1	0	1
MMRF_2220	1	0	0	0	0	0	0	0	0	1	1	1	0	0	0	0	0	0	0	0	0
MMRF_2222	0	0	0	0	0	0	0	0	0	0	0	0	1	1	1	0	1	1	0	0	1
MMRF_2223	0	0	0	0	1	0	0	0	0	0	0	0	0	0	0	0	0	0	0	0	0
MMRF_2224	0	0	0	0	1	0	0	0	0	0	0	0	0	0	0	0	0	0	0	0	0
MMRF_2225	0	0	0	0	0	0	1	0	0	1	1	0	0	0	0	0	0	0	0	0	0
MMRF_2226	0	0	0	0	0	0	0	0	1	1	1	0	0	1	1	0	0	1	1	1	1
MMRF_2228	0	0	0	0	0	0	0	0	0	0	0	0	1	1	1	1	1	1	1	1	1
MMRF_2229	1	0	0	0	0	0	0	0	0	1	1	0	0	1	1	0	0	1	0	0	0
MMRF_2230	0	0	0	0	1	0	0	0	0	1	0	0	0	0	0	0	0	0	0	0	0
MMRF_2231	0	0	1	0	0	0	0	0	1	1	1	0	0	0	0	0	0	1	0	0	0
MMRF_2232	0	0	0	0	0	0	0	0	1	0	0	0	0	1	1	0	0	0	1	1	1
MMRF_2236	0	0	0	0	0	0	0	0	0	0	0	0	0	1	1	0	0	1	1	1	1
MMRF_2237	0	0	0	0	0	0	0	0	0	0	0	0	1	1	1	0	0	1	1	1	1
MMRF_2238	1	0	0	0	0	0	0	0	1	1	1	1	1	1	1	0	1	0	0	0	1
MMRF_2239	NA	NA	NA	NA	NA	NA	NA	NA	NA	NA	NA	NA	NA	NA	NA	NA	NA	NA	NA	NA	NA
MMRF_2240	0	0	0	0	1	0	0	0	1	0	0	0	0	0	0	0	0	0	0	0	0
MMRF_2244	1	0	0	0	0	0	0	0	0	1	1	0	0	1	0	1	0	0	0	0	0
MMRF_2245	0	0	0	0	0	0	0	0	1	1	1	0	0	1	1	0	0	1	1	1	1
MMRF_2246	0	0	0	0	0	0	0	0	1	0	0	0	1	1	1	0	1	1	1	0	1
MMRF_2250	1	0	0	0	0	0	0	0	0	1	1	0	0	0	0	0	0	0	0	0	1
MMRF_2251	0	0	0	0	1	0	0	0	0	0	0	1	0	0	0	0	1	0	0	0	0
MMRF_2253	1	0	0	0	0	0	0	0	1	1	1	0	0	1	0	0	0	0	0	0	1
MMRF_2256	NA	NA	NA	NA	NA	NA	NA	NA	NA	NA	NA	NA	NA	NA	NA	NA	NA	NA	NA	NA	NA
MMRF_2257	0	0	0	0	0	0	0	0	0	0	0	0	1	0	0	0	0	0	1	1	1
MMRF_2258	0	0	0	0	0	0	0	0	0	0	0	0	1	1	1	0	0	0	1	0	1
MMRF_2259	NA	NA	NA	NA	NA	NA	NA	NA	NA	NA	NA	NA	NA	NA	NA	NA	NA	NA	NA	NA	NA
MMRF_2265	0	0	0	0	0	0	0	0	1	1	0	0	0	1	1	0	0	0	0	0	1
MMRF_2266	0	0	0	0	0	0	0	0	0	1	1	0	0	1	1	0	0	1	1	1	1
MMRF_2267	0	0	0	0	0	0	0	0	0	0	0	0	0	1	0	0	0	0	0	0	1
MMRF_2268	0	0	0	0	0	0	0	0	0	0	0	0	0	0	0	0	0	0	0	0	0
MMRF_2269	0	0	0	0	0	0	1	0	0	0	0	0	0	0	0	0	0	0	0	0	0
MMRF_2270	0	0	0	1	0	0	0	0	1	1	1	0	0	0	0	0	0	0	0	0	0
MMRF_2271	0	0	0	0	0	0	0	0	1	1	1	0	0	0	0	0	0	0	0	0	0
MMRF_2272	1	0	0	0	0	0	0	0	1	0	0	1	1	1	1	0	0	0	0	1	0
MMRF_2273	0	0	0	0	0	0	0	0	0	0	0	0	1	1	1	0	0	1	1	0	1
MMRF_2279	0	0	0	0	0	0	0	0	0	0	0	0	1	1	1	0	0	0	1	1	1
MMRF_2281	0	0	0	0	0	0	1	0	1	1	1	0	0	0	1	0	0	0	0	1	0
MMRF_2284	0	0	0	0	0	0	0	0	0	1	0	0	1	1	1	0	0	0	1	0	1
MMRF_2286	0	0	0	1	0	0	0	0	1	0	0	0	0	0	0	0	0	0	0	0	1
MMRF_2288	0	0	0	0	0	0	0	0	0	0	0	0	0	1	1	0	0	0	1	1	1
MMRF_2289	0	0	0	0	0	0	0	0	1	0	0	0	0	1	1	0	1	0	1	0	1
MMRF_2290	0	0	0	0	0	0	0	0	1	1	1	0	0	1	1	0	0	1	1	1	1
MMRF_2291	0	0	0	0	0	0	0	0	0	0	0	0	1	1	1	0	0	0	1	0	1
MMRF_2292	0	0	0	0	0	0	0	0	1	1	1	0	0	0	0	0	0	0	0	0	1
MMRF_2293	0	0	0	0	0	0	0	0	1	1	1	0	0	1	1	0	1	1	1	1	1
MMRF_2297	1	0	0	0	0	0	0	0	1	1	1	0	0	0	1	0	0	0	0	0	0
MMRF_2300	0	0	0	1	0	0	1	0	1	1	1	0	0	0	0	0	0	0	0	0	0
MMRF_2301	0	0	0	1	0	0	0	0	0	0	0	0	1	1	1	0	1	0	1	0	1
MMRF_2302	0	0	0	0	0	0	0	0	1	0	0	0	1	1	1	0	0	1	1	1	1
MMRF_2305	0	0	0	0	1	0	0	0	0	1	0	0	0	0	0	0	0	0	0	0	0
MMRF_2306	0	0	0	0	0	0	1	0	0	0	0	0	0	0	1	0	0	0	0	1	1
MMRF_2307	0	0	0	0	1	0	0	0	0	1	1	0	0	0	1	0	0	0	0	0	0
MMRF_2308	0	0	0	0	1	0	0	0	1	1	1	0	0	0	0	0	0	0	0	0	0
MMRF_2310	1	0	0	0	0	0	0	0	0	1	1	1	0	0	0	0	0	0	0	0	1
MMRF_2313	0	0	0	1	0	0	0	0	0	0	0	0	1	1	1	0	1	1	1	1	1
MMRF_2314	0	0	0	1	0	0	0	0	0	0	0	0	1	1	1	0	1	0	1	0	1
MMRF_2316	0	0	0	0	1	0	0	0	0	1	1	0	0	0	0	0	0	0	0	0	0
MMRF_2317	1	0	0	0	0	0	0	0	1	1	1	0	0	0	0	0	0	0	0	0	0
MMRF_2324	0	0	0	0	0	0	0	0	1	1	1	0	1	0	0	0	1	1	0	1	1
MMRF_2325	0	0	0	0	1	0	0	0	0	0	0	0	0	0	0	0	1	0	0	0	0
MMRF_2326	1	0	0	0	0	0	0	0	1	1	1	0	0	0	0	0	0	1	0	0	0
MMRF_2327	0	0	0	0	1	0	0	0	0	1	1	0	0	0	0	0	0	0	0	0	0
MMRF_2328	1	0	0	0	0	0	0	0	1	1	1	0	0	1	1	0	0	1	0	1	0
MMRF_2329	0	0	0	0	0	0	0	0	0	0	0	0	1	1	1	0	1	1	1	1	1
MMRF_2330	0	0	0	0	0	0	0	0	1	0	1	1	1	1	1	0	1	1	1	0	1
MMRF_2331	1	0	0	0	0	0	0	0	0	1	1	0	0	0	0	0	0	0	0	0	0
MMRF_2333	0	0	0	0	1	0	0	0	1	0	0	0	0	0	0	0	0	0	0	0	0
MMRF_2335	0	0	0	0	0	0	0	0	0	0	0	0	1	1	1	0	0	1	1	0	1
MMRF_2336	0	0	0	0	0	0	0	0	0	1	1	1	1	1	0	0	0	0	1	0	1
MMRF_2339	0	0	0	0	1	0	0	0	0	0	0	0	0	0	0	0	0	0	0	0	0
MMRF_2341	NA	NA	NA	NA	NA	NA	NA	NA	0	0	0	0	0	0	0	0	0	0	0	0	0
MMRF_2344	0	0	0	0	0	0	0	0	1	1	1	0	0	1	1	1	0	0	1	0	0
MMRF_2352	0	0	0	0	1	0	0	0	0	1	1	0	0	0	0	0	0	0	0	0	0
MMRF_2353	0	0	0	0	0	0	0	0	0	0	0	0	0	1	1	0	0	1	1	1	1
MMRF_2362	NA	NA	NA	NA	NA	NA	NA	NA	1	1	1	0	0	0	0	0	0	0	0	0	1
MMRF_2363	0	0	0	0	1	0	0	0	0	0	0	0	0	0	0	0	0	0	0	0	0
MMRF_2364	0	0	0	1	0	0	0	0	0	0	0	0	1	1	1	1	1	1	1	1	1
MMRF_2365	0	0	0	0	1	0	0	0	1	0	0	0	0	0	0	0	0	0	0	0	0
MMRF_2366	NA	NA	NA	NA	NA	NA	NA	NA	0	0	0	0	1	1	1	0	0	1	1	0	1
MMRF_2367	0	0	0	0	0	0	0	0	0	0	0	0	0	1	1	0	0	1	1	1	1
MMRF_2368	0	0	0	0	1	0	0	0	0	1	0	0	1	1	1	0	0	1	1	0	1
MMRF_2373	0	0	1	0	0	0	0	0	0	1	0	1	0	0	0	0	0	1	0	1	0
MMRF_2377	0	0	0	0	0	0	0	0	1	0	0	0	1	1	1	0	0	1	1	1	1
MMRF_2378	0	0	0	0	0	0	0	0	0	1	1	0	1	1	1	0	1	1	0	1	1
MMRF_2379	0	0	0	0	0	0	0	0	0	1	1	1	0	1	1	0	0	1	1	0	1
MMRF_2380	0	0	0	1	0	0	1	0	0	1	1	0	0	0	0	0	1	0	0	0	0
MMRF_2383	0	0	0	0	0	0	0	0	0	0	0	0	1	1	1	0	0	1	0	0	1
MMRF_2384	0	0	0	0	1	0	0	0	1	1	1	0	0	0	0	0	0	0	0	0	0
MMRF_2385	NA	NA	NA	NA	NA	NA	NA	NA	NA	NA	NA	NA	NA	NA	NA	NA	NA	NA	NA	NA	NA
MMRF_2386	0	0	0	0	1	0	0	0	0	0	0	0	1	1	0	0	0	0	0	0	1
MMRF_2388	0	0	1	0	0	0	0	0	1	1	0	0	0	0	0	0	0	1	0	1	0
MMRF_2394	0	0	0	1	1	0	0	0	0	1	1	0	1	0	0	0	0	0	0	0	0
MMRF_2397	1	0	0	0	0	0	0	0	0	1	0	0	0	1	1	0	0	1	0	0	0
MMRF_2399	0	0	0	0	1	0	0	0	0	0	0	0	0	0	0	0	0	0	0	0	0
MMRF_2400	0	0	0	0	0	0	0	0	0	0	0	0	1	1	1	0	0	1	1	0	1
MMRF_2401	1	0	0	0	0	0	0	0	1	1	1	0	0	0	0	0	0	0	0	0	0
MMRF_2402	NA	NA	NA	NA	NA	NA	NA	NA	NA	NA	NA	NA	NA	NA	NA	NA	NA	NA	NA	NA	NA
MMRF_2404	0	0	0	1	0	0	0	0	1	1	1	0	0	1	0	0	1	1	0	1	1
MMRF_2407	0	0	0	0	0	0	0	0	0	0	0	0	1	1	1	0	0	1	1	0	1
MMRF_2409	0	0	0	0	0	0	0	0	0	0	0	0	1	1	1	0	1	1	1	0	1
MMRF_2410	0	0	0	1	0	0	0	0	0	1	1	1	1	1	1	0	1	1	1	1	1
MMRF_2411	0	0	0	0	0	0	0	0	0	1	0	0	1	1	1	0	1	1	1	1	1
MMRF_2412	0	0	0	0	0	0	0	0	1	1	1	0	0	1	1	0	0	0	1	1	1
MMRF_2413	0	0	0	0	0	0	0	0	1	0	0	1	0	1	1	0	0	1	1	1	1
MMRF_2419	0	0	0	1	0	0	0	0	0	0	0	0	1	1	1	0	0	1	1	1	1
MMRF_2421	NA	NA	NA	NA	NA	NA	NA	NA	NA	NA	NA	NA	NA	NA	NA	NA	NA	NA	NA	NA	NA
MMRF_2422	0	0	0	0	0	0	0	0	1	0	0	0	0	1	1	0	1	1	1	0	1
MMRF_2425	0	0	0	0	0	0	0	0	0	1	1	0	0	1	0	0	0	1	0	0	0
MMRF_2426	0	0	0	0	0	0	0	0	0	0	1	1	1	1	1	0	0	1	1	0	0
MMRF_2427	NA	NA	NA	NA	NA	NA	NA	NA	0	1	1	0	1	1	1	0	1	0	1	1	1
MMRF_2428	0	0	0	0	0	0	0	0	0	1	1	0	0	1	1	0	1	1	1	1	1
MMRF_2429	0	0	0	0	0	0	0	0	0	0	0	1	0	1	1	0	1	1	1	1	1
MMRF_2433	0	0	0	0	1	0	0	0	0	1	0	0	0	0	0	0	0	0	0	0	0
MMRF_2435	NA	NA	NA	NA	NA	NA	NA	NA	NA	NA	NA	NA	NA	NA	NA	NA	NA	NA	NA	NA	NA
MMRF_2436	0	0	0	0	0	0	0	0	0	1	1	0	0	1	0	0	0	0	0	0	0
MMRF_2437	1	0	0	0	0	0	0	0	0	1	1	0	0	0	0	0	0	0	0	0	0
MMRF_2438	0	0	0	0	0	0	0	0	1	1	1	0	0	1	1	0	1	1	1	1	0
MMRF_2440	0	0	0	1	0	0	0	0	0	1	1	0	1	1	1	0	1	0	1	0	1
MMRF_2442	0	0	0	1	0	0	0	0	0	0	0	0	1	1	1	0	0	1	1	0	1
MMRF_2444	1	0	0	0	0	0	0	0	0	1	1	0	0	0	0	0	0	0	0	0	0
MMRF_2445	0	0	0	1	0	0	0	0	1	1	0	0	1	1	1	1	0	1	1	1	1
MMRF_2446	0	0	0	1	0	0	0	0	0	0	0	0	1	1	1	0	1	1	1	0	1
MMRF_2449	1	0	0	0	0	0	0	0	0	1	1	0	0	0	0	0	0	1	0	0	0
MMRF_2452	0	0	0	0	1	0	0	0	0	0	0	0	0	0	0	0	0	0	0	0	0
MMRF_2453	0	0	0	0	0	0	0	0	0	0	0	0	1	1	1	0	1	0	1	1	1
MMRF_2454	NA	NA	NA	NA	NA	NA	NA	NA	NA	NA	NA	NA	NA	NA	NA	NA	NA	NA	NA	NA	NA
MMRF_2455	0	0	0	0	0	0	0	0	1	1	1	0	0	0	0	0	0	1	0	1	1
MMRF_2456	0	0	0	0	0	0	0	0	1	1	1	0	0	0	0	0	0	0	0	0	0
MMRF_2457	0	0	0	0	0	0	0	0	0	1	0	0	0	0	0	0	0	0	0	1	0
MMRF_2458	0	0	0	0	1	0	0	0	0	0	0	0	0	0	0	0	0	0	0	0	0
MMRF_2459	0	0	1	0	0	0	0	0	1	1	1	0	0	0	0	0	0	0	0	0	0
MMRF_2461	0	0	0	0	0	0	0	0	0	1	1	0	0	1	1	0	0	1	0	1	1
MMRF_2464	0	0	0	0	0	0	0	0	0	0	0	0	1	1	1	0	0	1	1	1	1
MMRF_2465	0	0	0	0	0	0	0	0	0	0	0	1	1	1	0	0	1	1	1	1	1
MMRF_2468	0	0	0	0	0	0	0	0	1	1	1	0	0	0	1	0	0	0	0	0	1
MMRF_2469	0	0	0	0	1	0	0	0	0	0	0	0	0	0	0	0	0	0	0	0	0
MMRF_2471	0	0	0	0	0	0	0	0	0	0	0	0	1	1	1	0	1	0	1	0	1
MMRF_2472	1	0	0	1	0	0	0	0	0	1	1	0	0	0	0	0	0	0	0	0	0
MMRF_2473	0	0	0	1	0	0	0	0	1	1	1	0	0	0	0	0	0	0	0	0	1
MMRF_2475	0	0	0	0	0	0	0	0	0	0	0	0	0	1	1	0	1	1	1	1	1
MMRF_2476	0	0	0	0	1	0	0	0	0	1	1	0	0	0	0	0	0	0	0	0	0
MMRF_2477	1	0	0	0	0	0	0	0	1	1	1	0	0	0	0	0	0	0	0	0	0
MMRF_2478	0	0	0	0	1	0	0	0	0	0	0	0	0	0	0	0	0	0	0	0	0
MMRF_2480	0	0	0	0	1	0	0	0	0	0	0	0	1	0	0	0	1	0	0	0	1
MMRF_2485	0	0	0	0	1	0	0	0	0	0	0	0	0	0	0	0	0	0	0	0	0
MMRF_2486	0	0	0	0	0	0	0	0	0	0	0	0	1	1	1	0	0	1	1	0	1
MMRF_2487	0	0	0	0	0	0	0	0	NA	NA	NA	NA	NA	NA	NA	NA	NA	NA	NA	NA	NA
MMRF_2488	0	0	0	0	1	0	0	0	0	1	1	0	0	1	1	0	1	0	1	1	1
MMRF_2489	0	0	0	0	0	0	0	0	0	0	0	0	1	1	1	0	0	0	1	0	1
MMRF_2490	0	0	0	0	0	1	0	0	1	1	0	0	0	0	0	0	0	0	0	0	0
MMRF_2493	NA	NA	NA	NA	NA	NA	NA	NA	0	0	0	0	0	0	0	0	0	0	0	0	0
MMRF_2497	0	0	0	0	0	0	0	0	0	1	1	0	0	0	0	0	0	0	0	0	0
MMRF_2498	0	0	0	0	0	0	0	0	0	0	0	0	0	1	1	0	0	0	1	1	1
MMRF_2499	0	0	0	0	1	0	0	0	0	0	0	0	0	0	0	0	0	0	0	0	0
MMRF_2501	0	0	0	0	0	0	0	0	1	1	1	0	0	1	1	0	1	1	1	1	1
MMRF_2503	0	0	0	0	0	0	0	0	0	1	1	0	1	1	1	0	0	0	0	1	1
MMRF_2504	NA	NA	NA	NA	NA	NA	NA	NA	0	1	1	0	0	0	0	0	0	1	0	0	0
MMRF_2505	1	0	0	0	0	0	0	0	0	1	1	0	0	0	0	0	0	1	0	0	0
MMRF_2506	0	0	0	0	0	0	0	0	0	0	0	0	1	1	0	0	0	1	0	1	1
MMRF_2507	0	0	0	0	0	0	0	0	1	0	0	0	1	1	1	0	1	1	1	0	1
MMRF_2511	0	0	0	0	1	0	0	0	0	0	0	0	0	0	0	0	0	0	0	0	0
MMRF_2514	0	0	0	0	0	0	0	0	1	1	1	0	0	1	0	0	0	0	1	1	1
MMRF_2515	0	0	0	0	0	0	0	0	1	1	1	1	0	0	0	0	0	0	0	0	0
MMRF_2516	0	0	0	0	0	0	0	0	0	0	0	0	1	1	1	0	0	0	1	0	1
MMRF_2517	0	0	0	0	0	0	0	0	1	0	0	0	0	1	1	0	1	0	1	1	1
MMRF_2518	0	0	0	0	0	0	0	0	0	0	0	1	0	1	1	0	1	1	1	1	1
MMRF_2519	0	0	0	0	0	0	0	0	0	0	0	0	1	1	1	0	0	1	1	1	1
MMRF_2522	0	0	0	0	0	0	0	0	1	1	1	0	0	1	1	0	1	1	1	0	1
MMRF_2523	0	0	0	0	0	0	0	0	0	0	0	0	0	1	1	0	1	1	1	1	1
MMRF_2524	0	0	0	0	0	0	0	0	0	0	0	0	0	0	0	0	1	1	1	1	1
MMRF_2525	0	0	0	0	0	0	0	0	1	1	1	0	1	1	1	0	0	1	0	1	1
MMRF_2526	0	0	0	0	0	0	0	0	0	1	1	1	0	0	0	0	0	0	0	0	0
MMRF_2531	1	0	0	0	0	0	0	0	1	1	1	0	0	0	0	0	0	0	0	0	0
MMRF_2532	0	0	0	0	0	0	0	0	0	0	0	0	0	1	1	0	0	1	1	0	1
MMRF_2535	0	0	0	0	1	0	0	0	0	0	0	0	0	0	0	0	0	0	0	0	0
MMRF_2538	1	0	0	0	0	0	0	0	0	1	1	0	0	1	0	0	0	0	0	0	0
MMRF_2539	0	0	0	0	1	0	0	0	0	0	0	0	0	1	1	0	0	0	0	0	1
MMRF_2541	0	0	0	1	0	0	0	0	1	0	0	0	1	1	0	0	0	0	1	1	1
MMRF_2543	1	0	0	0	0	0	0	0	0	1	1	0	0	0	0	0	0	0	0	0	0
MMRF_2545	NA	NA	NA	NA	NA	NA	NA	NA	1	0	0	0	0	0	0	0	0	0	0	0	0
MMRF_2546	0	0	0	0	0	0	0	0	1	1	1	0	0	0	0	0	0	0	0	0	0
MMRF_2548	0	0	0	0	0	0	0	0	1	0	0	0	0	0	0	0	0	0	0	0	0
MMRF_2549	0	0	0	1	0	0	0	0	1	1	0	0	0	1	1	0	0	1	1	1	1
MMRF_2550	NA	NA	NA	NA	NA	NA	NA	NA	1	0	1	0	0	1	0	0	0	0	1	0	1
MMRF_2554	0	0	0	0	0	0	0	0	1	0	0	0	0	1	1	0	1	1	1	0	1
MMRF_2556	NA	NA	NA	NA	NA	NA	NA	NA	NA	NA	NA	NA	NA	NA	NA	NA	NA	NA	NA	NA	NA
MMRF_2557	0	0	0	0	0	0	0	0	1	0	0	0	1	1	1	0	1	1	1	1	1
MMRF_2558	NA	NA	NA	NA	NA	NA	NA	NA	NA	NA	NA	NA	NA	NA	NA	NA	NA	NA	NA	NA	NA
MMRF_2559	NA	NA	NA	NA	NA	NA	NA	NA	0	1	0	0	0	0	0	0	0	0	0	0	0
MMRF_2560	NA	NA	NA	NA	NA	NA	NA	NA	0	0	1	0	1	1	1	0	0	1	1	0	1
MMRF_2562	0	0	0	0	0	0	0	0	1	1	1	0	0	1	1	0	0	1	1	0	0
MMRF_2563	1	0	0	0	0	0	0	0	0	1	1	0	0	0	0	0	0	0	0	0	0
MMRF_2564	NA	NA	NA	NA	NA	NA	NA	NA	0	1	1	0	0	0	0	0	0	0	0	0	0
MMRF_2566	0	0	0	0	0	0	0	0	0	0	0	0	1	1	1	0	0	1	1	1	1
MMRF_2567	1	0	0	0	0	0	0	0	1	1	1	0	1	1	1	0	0	1	1	1	1
MMRF_2568	0	0	0	0	1	0	0	0	0	0	0	1	0	0	0	0	1	0	0	0	0
MMRF_2570	0	0	0	0	0	0	0	0	0	0	0	0	1	1	1	0	0	1	1	0	1
MMRF_2572	0	0	0	0	0	0	0	0	0	0	0	0	0	1	1	0	1	1	1	1	1
MMRF_2573	0	0	0	0	0	0	0	0	NA	NA	NA	NA	NA	NA	NA	NA	NA	NA	NA	NA	NA
MMRF_2574	0	0	0	0	0	0	0	0	1	1	1	1	0	0	0	0	0	0	0	0	0
MMRF_2577	0	0	0	0	0	0	0	0	1	0	0	0	1	1	1	0	1	1	1	0	1
MMRF_2578	NA	NA	NA	NA	NA	NA	NA	NA	NA	NA	NA	NA	NA	NA	NA	NA	NA	NA	NA	NA	NA
MMRF_2579	0	0	0	0	1	0	0	0	0	1	1	1	0	0	0	0	0	0	0	0	0
MMRF_2580	0	0	0	0	0	0	0	0	0	1	1	0	0	1	1	0	0	0	1	1	1
MMRF_2581	0	0	0	0	0	0	0	0	0	1	1	0	1	1	1	0	0	1	1	0	1
MMRF_2583	0	0	0	0	0	0	0	0	0	1	1	0	0	1	1	0	1	0	1	1	1
MMRF_2584	NA	NA	NA	NA	NA	NA	NA	NA	0	1	0	0	0	0	0	0	0	0	0	0	1
MMRF_2585	NA	NA	NA	NA	NA	NA	NA	NA	NA	NA	NA	NA	NA	NA	NA	NA	NA	NA	NA	NA	NA
MMRF_2586	NA	NA	NA	NA	NA	NA	NA	NA	NA	NA	NA	NA	NA	NA	NA	NA	NA	NA	NA	NA	NA
MMRF_2587	0	0	0	0	0	0	0	0	1	1	0	0	0	0	1	0	0	0	0	0	1
MMRF_2589	NA	NA	NA	NA	NA	NA	NA	NA	NA	NA	NA	NA	NA	NA	NA	NA	NA	NA	NA	NA	NA
MMRF_2590	0	0	0	0	0	0	0	0	1	1	1	0	0	1	0	0	0	0	1	1	1
MMRF_2592	0	0	0	0	0	1	0	0	1	0	0	0	0	0	1	0	0	0	1	1	1
MMRF_2593	0	0	0	0	0	0	0	0	1	1	0	0	0	0	0	0	0	0	0	0	1
MMRF_2595	0	0	0	0	0	0	0	0	1	1	1	0	0	1	1	0	0	1	1	1	1
MMRF_2596	0	0	0	0	0	0	0	0	0	1	1	0	1	1	1	0	1	1	1	1	1
MMRF_2597	0	0	0	1	0	0	0	0	1	1	1	0	0	1	1	0	0	1	1	0	1
MMRF_2598	0	0	0	0	0	0	0	0	0	0	0	0	1	1	1	0	0	1	0	0	1
MMRF_2599	0	0	0	1	0	1	0	0	0	0	0	0	0	1	1	0	0	1	1	1	1
MMRF_2601	0	0	0	0	0	0	0	0	0	1	0	0	0	1	1	0	1	0	1	1	1
MMRF_2602	1	0	0	0	0	0	0	0	1	1	0	0	0	0	0	0	0	0	0	0	0
MMRF_2604	1	0	0	0	0	0	0	0	1	1	1	0	0	0	1	0	0	0	0	1	0
MMRF_2605	0	0	0	0	1	0	0	0	0	1	1	0	0	0	0	0	0	0	0	0	0
MMRF_2606	0	0	0	0	0	0	0	0	0	0	0	1	0	1	1	0	1	1	1	0	1
MMRF_2608	0	1	0	0	0	0	0	0	1	1	1	1	0	0	0	0	0	0	0	0	0
MMRF_2609	0	0	0	0	0	0	0	0	0	0	0	0	1	1	1	0	1	0	1	0	1
MMRF_2611	NA	NA	NA	NA	NA	NA	NA	NA	NA	NA	NA	NA	NA	NA	NA	NA	NA	NA	NA	NA	NA
MMRF_2613	0	0	0	0	0	0	0	0	0	1	0	0	1	1	1	0	0	1	1	1	1
MMRF_2614	0	0	0	0	0	0	0	0	0	0	0	0	1	1	1	0	0	1	1	1	1
MMRF_2619	NA	NA	NA	NA	NA	NA	NA	NA	NA	NA	NA	NA	NA	NA	NA	NA	NA	NA	NA	NA	NA
MMRF_2621	1	0	0	0	0	0	0	0	1	1	1	0	1	0	0	0	0	0	0	0	0
MMRF_2622	0	0	0	0	1	0	0	0	0	1	0	0	0	0	0	0	0	0	0	0	0
MMRF_2624	0	0	0	0	0	0	0	0	0	0	0	0	1	1	1	0	1	1	1	1	1
MMRF_2626	NA	NA	NA	NA	NA	NA	NA	NA	NA	NA	NA	NA	NA	NA	NA	NA	NA	NA	NA	NA	NA
MMRF_2628	NA	NA	NA	NA	NA	NA	NA	NA	0	1	1	0	1	1	1	0	0	1	1	1	1
MMRF_2630	0	0	0	0	0	0	0	0	1	1	1	0	0	0	1	0	0	0	1	1	1
MMRF_2631	0	0	0	0	1	0	0	0	1	1	1	0	0	0	0	0	0	0	0	0	1
MMRF_2634	0	1	0	0	0	0	0	0	0	0	0	0	0	0	0	0	0	0	0	0	0
MMRF_2635	0	0	0	0	0	0	0	0	0	0	0	0	1	1	1	0	1	1	1	1	1
MMRF_2636	1	0	0	0	0	0	0	0	1	1	1	0	0	1	0	0	0	1	0	0	0
MMRF_2637	0	0	0	1	0	0	1	0	1	1	1	0	0	0	0	0	0	0	0	0	0
MMRF_2638	0	0	0	0	1	0	0	0	0	0	0	0	0	0	0	0	0	0	0	0	0
MMRF_2639	0	0	0	0	1	0	0	0	0	1	1	0	0	0	0	0	0	0	0	0	0
MMRF_2640	0	1	0	0	0	0	0	0	1	0	0	0	0	1	1	1	0	1	0	1	1
MMRF_2641	0	0	0	0	0	0	0	0	0	0	0	0	1	1	1	0	1	1	1	1	1
MMRF_2642	0	0	0	0	0	0	0	0	1	1	1	0	0	1	1	0	0	1	1	0	1
MMRF_2643	0	0	0	0	1	0	0	0	0	1	1	1	0	0	0	0	0	0	0	0	0
MMRF_2644	NA	NA	NA	NA	NA	NA	NA	NA	NA	NA	NA	NA	NA	NA	NA	NA	NA	NA	NA	NA	NA
MMRF_2646	0	0	0	0	0	0	0	0	0	0	0	0	0	1	1	0	0	0	1	0	1
MMRF_2647	0	0	0	0	1	0	0	0	0	1	1	1	0	1	0	0	0	0	0	0	0
MMRF_2648	NA	NA	NA	NA	NA	NA	NA	NA	NA	NA	NA	NA	NA	NA	NA	NA	NA	NA	NA	NA	NA
MMRF_2650	0	0	0	0	0	0	1	0	0	1	1	0	0	0	0	0	0	0	0	0	1
MMRF_2651	0	0	0	0	0	0	0	0	1	1	1	0	1	1	0	0	0	0	0	0	0
MMRF_2652	0	0	0	1	0	0	0	1	1	1	1	0	0	0	0	0	0	0	0	0	0
MMRF_2653	NA	NA	NA	NA	NA	NA	NA	NA	NA	NA	NA	NA	NA	NA	NA	NA	NA	NA	NA	NA	NA
MMRF_2654	0	0	0	0	1	0	0	0	0	1	1	0	0	0	0	0	0	0	0	0	0
MMRF_2655	0	0	0	0	0	0	0	0	1	1	1	0	0	0	0	0	0	0	0	0	0
MMRF_2659	0	0	0	0	0	0	0	0	1	0	0	1	0	0	0	0	0	0	0	0	0
MMRF_2660	1	0	0	0	0	0	0	0	0	0	0	0	0	1	0	0	0	1	0	1	1
MMRF_2664	0	0	0	0	0	0	0	0	0	0	0	0	1	1	1	0	0	1	1	1	0
MMRF_2665	0	0	1	1	0	0	0	0	1	0	0	0	1	1	0	0	0	1	1	0	1
MMRF_2666	1	0	0	0	0	0	0	0	0	1	1	1	0	1	1	0	0	1	0	0	1
MMRF_2667	0	0	0	0	1	0	0	0	0	1	1	0	0	0	0	0	0	0	0	0	0
MMRF_2669	0	1	0	0	0	0	0	0	1	1	1	0	0	0	0	0	0	0	0	0	0
MMRF_2670	1	0	0	0	0	0	0	0	0	0	0	0	0	1	1	0	0	1	0	1	0
MMRF_2671	0	0	0	0	0	0	0	0	0	1	0	1	0	0	0	0	0	0	0	1	0
MMRF_2675	0	0	0	0	0	0	0	0	0	0	0	1	1	1	1	0	1	1	1	0	1
MMRF_2676	0	0	0	0	0	0	0	0	0	1	1	0	0	0	0	0	0	0	0	0	1
MMRF_2677	0	0	0	0	0	0	0	0	0	0	0	0	1	1	1	0	0	1	1	0	1
MMRF_2678	0	0	0	0	0	0	0	0	0	1	1	0	1	1	1	0	1	1	1	1	1
MMRF_2679	1	0	0	0	0	0	0	0	1	1	1	0	0	0	0	0	0	0	0	0	0
MMRF_2680	0	0	0	0	0	0	0	0	0	0	1	1	1	1	1	0	0	1	1	0	1
MMRF_2681	1	0	0	0	0	0	0	0	0	1	1	0	0	0	0	0	0	0	0	0	0
MMRF_2682	1	0	0	0	0	0	0	0	1	1	1	0	0	0	0	0	0	0	0	0	0
MMRF_2683	NA	NA	NA	NA	NA	NA	NA	NA	NA	NA	NA	NA	NA	NA	NA	NA	NA	NA	NA	NA	NA
MMRF_2685	0	0	0	0	0	0	0	0	1	0	0	1	0	0	0	0	0	0	0	0	1
MMRF_2688	0	0	0	1	0	0	0	0	0	1	1	0	1	1	1	0	1	0	1	1	1
MMRF_2689	1	0	0	0	0	0	0	0	0	1	1	0	0	1	0	0	0	1	0	0	0
MMRF_2690	0	0	0	0	0	0	0	0	0	1	1	1	0	1	0	0	0	0	0	0	0
MMRF_2691	0	0	0	1	0	0	0	0	0	0	0	1	1	1	1	0	1	1	0	0	1
MMRF_2692	0	0	0	0	1	0	0	0	0	0	0	0	0	0	0	0	0	0	0	0	0
MMRF_2694	1	0	0	0	0	0	0	0	1	1	1	0	0	0	0	0	0	0	0	0	0
MMRF_2695	0	0	0	0	0	0	1	0	1	1	1	0	0	1	1	0	1	1	0	1	1
MMRF_2696	0	0	0	0	0	0	0	0	0	1	1	0	1	1	1	0	1	1	1	1	1
MMRF_2697	NA	NA	NA	NA	NA	NA	NA	NA	NA	NA	NA	NA	NA	NA	NA	NA	NA	NA	NA	NA	NA
MMRF_2698	0	0	0	0	0	0	0	0	0	0	0	1	0	1	1	0	1	1	0	1	1
MMRF_2699	0	0	0	0	0	0	0	0	0	1	0	0	1	1	1	0	0	1	0	0	1
MMRF_2700	0	0	0	1	0	0	0	0	1	0	0	1	1	1	1	0	0	1	1	1	1
MMRF_2701	0	1	0	0	0	0	0	0	0	0	0	0	0	0	0	0	0	0	0	0	0
MMRF_2702	0	0	0	0	0	0	0	0	0	0	0	0	0	0	1	0	0	0	1	1	1
MMRF_2703	0	0	0	0	0	0	0	0	0	0	0	0	0	1	1	0	1	1	1	1	1
MMRF_2704	0	0	0	0	1	0	0	0	0	1	1	0	0	0	0	0	0	0	0	0	0
MMRF_2705	0	0	0	0	0	0	0	0	0	0	0	1	1	1	1	0	1	1	0	0	1
MMRF_2706	1	0	0	0	0	0	0	0	1	1	1	0	0	0	0	0	0	0	0	0	0
MMRF_2707	0	0	0	0	1	0	0	0	0	1	0	0	1	0	0	0	0	0	0	0	0
MMRF_2708	0	0	0	0	0	0	0	0	1	1	1	0	0	0	0	0	0	0	0	1	1
MMRF_2709	0	0	0	0	0	0	0	0	0	1	1	0	1	1	1	0	0	1	1	1	1
MMRF_2711	NA	NA	NA	NA	NA	NA	NA	NA	NA	NA	NA	NA	NA	NA	NA	NA	NA	NA	NA	NA	NA
MMRF_2714	0	0	0	0	0	0	0	0	0	0	0	0	1	1	1	1	1	1	1	0	1
MMRF_2715	0	0	0	0	1	0	0	0	0	1	0	1	0	1	0	0	0	0	0	0	1
MMRF_2716	0	0	0	0	0	0	0	0	1	0	0	0	0	1	1	0	0	1	1	1	1
MMRF_2717	NA	NA	NA	NA	NA	NA	NA	NA	NA	NA	NA	NA	NA	NA	NA	NA	NA	NA	NA	NA	NA
MMRF_2718	0	0	0	0	1	0	0	0	0	0	0	0	0	0	0	0	0	0	0	0	0
MMRF_2719	1	0	0	0	0	0	0	0	1	1	0	0	0	1	0	0	0	0	0	0	0
MMRF_2720	NA	NA	NA	NA	NA	NA	NA	NA	NA	NA	NA	NA	NA	NA	NA	NA	NA	NA	NA	NA	NA
MMRF_2721	0	0	0	0	0	0	0	0	0	0	0	0	1	1	1	0	1	0	1	0	1
MMRF_2722	1	0	0	0	0	0	0	0	1	1	1	0	0	0	0	0	0	0	0	1	0
MMRF_2723	0	0	0	1	0	0	0	0	0	1	1	0	0	1	1	0	1	1	1	1	1
MMRF_2727	0	0	0	0	0	0	0	0	0	0	0	0	0	1	1	0	1	1	1	1	1
MMRF_2728	0	0	0	0	0	0	0	0	0	0	0	0	0	1	1	0	0	1	1	0	1
MMRF_2729	0	0	0	0	1	0	0	0	0	0	0	0	0	0	0	0	0	0	0	0	0
MMRF_2730	0	0	0	0	0	0	0	0	1	0	0	0	1	1	1	0	1	1	1	0	1
MMRF_2731	0	0	0	1	0	0	0	0	1	1	1	0	0	1	1	0	0	1	1	1	1
MMRF_2732	0	0	0	0	0	0	0	0	1	0	0	0	0	0	0	0	0	0	0	0	0
MMRF_2733	0	0	0	1	0	0	0	0	0	0	0	0	1	1	1	0	1	1	0	0	1
MMRF_2734	NA	NA	NA	NA	NA	NA	NA	NA	0	0	0	1	1	1	1	0	0	1	1	1	1
MMRF_2736	NA	NA	NA	NA	NA	NA	NA	NA	NA	NA	NA	NA	NA	NA	NA	NA	NA	NA	NA	NA	NA
MMRF_2737	0	0	0	0	0	0	0	0	0	0	0	0	1	1	1	0	1	1	1	0	1
MMRF_2738	0	0	0	0	1	0	0	0	0	0	0	0	0	0	0	0	0	0	0	0	0
MMRF_2739	0	0	0	0	0	0	0	0	0	1	1	1	0	0	0	0	0	0	0	0	0
MMRF_2740	0	0	0	0	0	0	0	0	1	1	1	0	0	1	0	0	0	1	1	1	1
MMRF_2742	0	0	0	1	0	0	0	0	0	0	0	0	1	1	1	0	1	1	0	1	1
MMRF_2743	0	0	0	0	0	0	0	0	0	1	1	0	1	1	0	0	0	0	1	0	1
MMRF_2745	0	0	0	0	0	0	0	0	0	1	1	0	0	0	0	0	0	0	0	0	0
MMRF_2746	1	0	0	0	0	0	0	0	1	1	1	0	0	0	1	0	0	0	0	0	0
MMRF_2749	NA	NA	NA	NA	NA	NA	NA	NA	NA	NA	NA	NA	NA	NA	NA	NA	NA	NA	NA	NA	NA
MMRF_2750	0	0	0	0	1	0	0	0	0	0	0	0	0	0	0	0	0	0	0	0	0
MMRF_2751	1	0	0	0	0	0	0	0	0	1	0	0	0	0	0	0	0	0	0	0	0
MMRF_2752	0	1	0	0	0	0	0	0	0	0	0	0	0	0	0	0	0	0	0	0	0
MMRF_2753	0	0	0	1	0	0	1	0	1	1	1	0	0	0	0	0	0	0	0	0	1
MMRF_2754	0	0	0	0	1	0	0	0	1	0	0	0	0	0	0	0	0	0	0	0	0
MMRF_2755	0	0	0	1	0	0	0	0	0	0	0	0	1	1	1	1	1	1	1	1	1
MMRF_2756	0	0	0	0	0	0	0	0	0	0	0	0	1	1	1	0	0	1	0	0	1
MMRF_2757	0	0	0	0	0	0	0	0	0	1	1	1	0	0	0	0	0	0	0	0	1
MMRF_2758	0	0	0	0	0	0	0	0	0	0	0	0	1	1	1	1	0	1	1	0	1
MMRF_2760	0	1	0	0	0	0	0	0	0	1	1	0	0	0	0	0	0	0	0	0	0
MMRF_2761	0	0	0	0	1	0	0	0	0	1	1	0	0	0	0	0	0	0	0	0	0
MMRF_2762	0	0	0	0	0	0	1	0	1	1	1	0	0	0	0	0	0	0	0	0	0
MMRF_2763	0	0	0	1	0	0	0	0	0	1	1	0	1	1	1	0	0	1	1	1	1
MMRF_2764	0	0	0	0	0	0	0	0	0	1	1	1	1	1	1	0	0	0	1	1	0
MMRF_2765	0	0	0	0	0	0	0	0	1	1	1	0	1	1	1	0	0	1	1	1	1
MMRF_2767	1	0	0	0	0	0	0	0	0	1	1	0	0	0	0	0	0	0	0	0	0
MMRF_2768	0	0	0	0	0	0	0	0	0	1	1	0	1	1	1	0	1	1	1	1	1
MMRF_2769	0	0	0	0	1	0	0	0	0	0	0	0	0	0	0	0	0	0	0	0	0
MMRF_2770	0	0	0	1	0	0	0	0	1	1	1	0	0	1	1	0	0	1	1	0	1
MMRF_2772	0	0	0	0	1	0	0	0	0	0	0	0	0	0	0	0	0	0	0	0	0
MMRF_2774	1	0	0	0	0	0	0	0	0	1	1	0	0	0	0	0	0	1	0	0	0
MMRF_2775	0	0	0	0	0	0	0	0	0	0	0	0	1	0	0	0	0	1	0	0	0
MMRF_2776	0	0	0	0	0	0	1	0	0	1	1	0	0	0	0	0	0	0	0	0	0
MMRF_2778	0	0	0	0	0	0	0	0	1	1	0	1	1	1	0	0	1	1	0	0	1
MMRF_2779	0	0	0	0	0	0	0	0	0	0	0	1	1	1	1	0	1	1	1	0	1
MMRF_2781	0	0	0	1	1	0	0	0	1	1	1	0	0	0	0	0	1	0	0	0	0
MMRF_2782	0	0	0	0	0	0	0	0	0	0	0	0	1	1	1	0	1	1	1	1	1
MMRF_2787	0	0	0	0	0	0	0	0	0	1	1	0	0	0	0	0	0	0	0	0	0
MMRF_2788	0	0	0	0	1	0	0	0	0	1	1	0	0	0	0	0	0	0	0	0	0
MMRF_2789	0	0	0	0	0	0	0	0	1	1	1	0	0	0	0	0	0	1	0	0	1
MMRF_2792	0	0	0	0	1	0	0	0	0	0	0	0	0	0	0	0	0	0	0	0	0
MMRF_2793	0	0	0	0	0	0	0	0	1	1	1	1	0	1	0	0	1	1	0	1	1
MMRF_2794	0	0	0	0	0	0	1	0	1	0	0	0	0	1	1	0	1	1	0	1	0
MMRF_2795	0	0	0	0	0	0	0	0	0	0	0	0	1	1	1	0	0	0	1	1	1
MMRF_2796	NA	NA	NA	NA	NA	NA	NA	NA	NA	NA	NA	NA	NA	NA	NA	NA	NA	NA	NA	NA	NA
MMRF_2799	1	0	0	0	0	0	0	0	0	1	1	0	1	1	1	0	1	0	1	0	1
MMRF_2801	0	0	0	0	1	0	0	0	0	1	0	0	0	0	0	0	0	0	0	0	0
MMRF_2805	0	0	0	0	0	0	0	0	0	1	1	0	0	0	0	0	0	0	0	0	0
MMRF_2807	0	0	0	0	1	0	0	0	0	1	0	0	1	0	0	0	0	0	0	0	0
MMRF_2808	0	0	0	1	1	0	0	0	0	0	0	0	0	0	0	0	0	0	0	0	0
MMRF_2809	NA	NA	NA	NA	NA	NA	NA	NA	NA	NA	NA	NA	NA	NA	NA	NA	NA	NA	NA	NA	NA
MMRF_2810	NA	NA	NA	NA	NA	NA	NA	NA	NA	NA	NA	NA	NA	NA	NA	NA	NA	NA	NA	NA	NA
MMRF_2813	0	0	0	0	0	0	0	0	0	1	1	1	0	0	0	0	0	0	0	0	0
MMRF_2814	0	0	0	0	0	0	0	0	0	1	1	0	0	0	1	0	0	1	1	0	0
MMRF_2815	1	0	0	0	0	0	0	0	0	1	1	0	0	0	0	0	0	0	0	0	0
MMRF_2816	0	0	0	0	0	0	0	0	1	1	1	1	1	0	1	0	0	0	1	1	1
MMRF_2817	0	0	0	0	1	0	0	0	1	0	0	0	0	0	0	0	0	0	0	0	0
MMRF_2818	0	0	0	0	1	0	0	0	0	0	0	0	0	0	0	0	0	0	0	0	0
MMRF_2819	0	0	0	0	1	0	0	0	0	0	0	0	0	0	0	0	0	0	0	0	0
MMRF_2820	0	0	0	0	0	0	0	0	1	1	1	0	0	1	1	0	1	1	1	0	1
MMRF_2821	0	0	0	0	0	0	0	0	0	1	1	0	0	1	1	0	1	0	1	0	1
MMRF_2822	NA	NA	NA	NA	NA	NA	NA	NA	0	0	0	0	1	1	1	0	0	0	1	0	1
MMRF_2823	0	0	0	0	0	0	0	0	0	0	0	0	0	0	1	0	0	0	0	0	1
MMRF_2826	0	0	0	0	0	0	0	0	1	0	0	0	0	0	1	0	0	0	1	0	1
MMRF_2827	0	0	0	1	0	0	0	0	0	1	1	1	1	1	1	0	0	1	1	1	1
MMRF_2828	1	0	0	0	0	0	0	0	1	1	1	0	0	0	0	0	0	0	0	0	0
MMRF_2829	0	0	0	0	0	0	0	0	1	1	1	0	0	0	1	0	0	0	0	0	0
MMRF_2830	0	0	0	1	0	0	0	0	0	0	0	0	1	1	1	0	1	1	1	0	1
MMRF_2831	0	0	0	0	0	0	0	0	0	0	0	0	1	1	1	0	1	1	0	0	1
MMRF_2832	0	0	0	0	0	0	0	0	0	0	0	0	1	1	1	0	1	1	1	1	1
MMRF_2833	0	0	0	1	0	0	0	0	1	1	1	1	0	1	0	0	0	0	0	1	1
MMRF_2834	0	0	0	0	1	0	0	0	0	0	0	0	0	0	0	0	0	0	0	0	0
MMRF_2835	NA	NA	NA	NA	NA	NA	NA	NA	0	1	1	0	0	1	0	0	0	1	1	0	1
MMRF_2836	0	0	0	1	1	0	0	0	1	0	0	0	0	0	0	0	0	0	0	0	0
MMRF_2838	1	0	0	0	0	0	0	0	0	1	1	1	0	0	0	0	0	0	0	0	0
MMRF_2839	1	0	0	0	0	0	0	0	1	1	1	1	0	0	0	0	0	0	0	0	0
MMRF_2840	0	0	0	0	0	0	0	0	1	0	0	1	1	1	0	0	1	1	0	1	1
MMRF_2843	NA	NA	NA	NA	NA	NA	NA	NA	NA	NA	NA	NA	NA	NA	NA	NA	NA	NA	NA	NA	NA
MMRF_2846	NA	NA	NA	NA	NA	NA	NA	NA	NA	NA	NA	NA	NA	NA	NA	NA	NA	NA	NA	NA	NA
MMRF_2847	0	0	0	0	0	0	0	0	0	0	0	0	1	1	1	0	0	1	1	0	1
MMRF_2848	1	0	0	0	0	0	0	0	1	0	1	0	0	0	1	0	0	1	1	1	0
MMRF_2851	NA	NA	NA	NA	NA	NA	NA	NA	0	1	1	0	0	0	0	0	0	0	0	0	0
MMRF_2853	NA	NA	NA	NA	NA	NA	NA	NA	1	0	0	0	1	1	1	0	0	0	1	0	1
