Patient_ID	WHSC1_Tx_Call_Bens	CCND3_Tx_Call_Bens	MAFA_Tx_Call_Bens	MYC_Tx_Call_Bens	CCND1_Tx_Call_Bens	CCND2_Tx_Call_Bens	MAF_Tx_Call_Bens	MAFB_Tx_Call_Bens	WHSC1_Tx_Call_Skerget	CCND3_Tx_Call_Skerget	MAFA_Tx_Call_Skerget	MYC_Tx_Call_Skerget	CCND1_Tx_Call_Skerget	CCND2_Tx_Call_Skerget	MAF_Tx_Call_Skerget	MAFB_Tx_Call_Skerget
MMRF_1030	0	0	0	0	0	0	0	0	0	0	0	1	0	0	0	0
MMRF_1061	0	0	0	0	1	0	0	0	NA	NA	NA	NA	NA	NA	NA	NA
MMRF_1077	0	0	0	0	0	0	0	0	NA	NA	NA	NA	NA	NA	NA	NA
MMRF_1078	0	0	0	0	0	0	1	0	NA	NA	NA	NA	NA	NA	NA	NA
MMRF_1107	0	0	0	1	0	0	0	0	NA	NA	NA	NA	NA	NA	NA	NA
MMRF_1184	0	0	0	0	0	0	0	0	NA	NA	NA	NA	NA	NA	NA	NA
MMRF_1189	0	0	0	0	1	0	0	0	NA	NA	NA	NA	NA	NA	NA	NA
MMRF_1195	0	0	0	1	0	0	0	0	NA	NA	NA	NA	NA	NA	NA	NA
MMRF_1257	0	0	0	0	0	0	0	0	NA	NA	NA	NA	NA	NA	NA	NA
MMRF_1281	0	0	0	0	0	0	0	0	NA	NA	NA	NA	NA	NA	NA	NA
MMRF_1295	1	0	0	0	0	0	0	0	NA	NA	NA	NA	NA	NA	NA	NA
MMRF_1320	0	0	0	1	0	0	0	0	0	1	0	1	0	0	0	0
MMRF_1332	0	0	0	0	0	1	0	0	NA	NA	NA	NA	NA	NA	NA	NA
MMRF_1371	0	0	0	0	0	0	0	0	NA	NA	NA	NA	NA	NA	NA	NA
MMRF_1426	0	0	0	0	0	0	0	0	NA	NA	NA	NA	NA	NA	NA	NA
MMRF_1432	0	0	0	0	0	0	0	0	1	0	0	0	0	0	0	0
MMRF_1474	0	0	0	0	0	0	0	0	NA	NA	NA	NA	NA	NA	NA	NA
MMRF_1496	0	0	1	0	0	0	0	0	NA	NA	NA	NA	NA	NA	NA	NA
MMRF_1547	0	0	0	0	0	0	0	0	NA	NA	NA	NA	NA	NA	NA	NA
MMRF_1573	0	0	0	0	0	0	0	0	0	0	0	1	0	0	0	0
MMRF_1698	0	0	0	1	0	0	0	0	0	0	0	0	0	0	0	0
MMRF_1725	0	0	0	0	0	0	0	0	0	0	0	1	0	0	0	0
MMRF_1775	0	0	0	0	0	0	0	0	0	0	0	1	0	0	0	0
MMRF_1897	1	0	0	0	0	0	0	0	NA	NA	NA	NA	NA	NA	NA	NA
MMRF_1900	0	0	0	0	0	0	0	0	0	0	0	1	0	0	0	0
MMRF_1912	0	0	0	0	0	0	1	0	NA	NA	NA	NA	NA	NA	NA	NA
MMRF_1931	0	0	0	0	0	0	0	0	0	0	0	1	0	0	0	0
MMRF_1965	0	0	0	1	0	0	1	0	0	0	0	0	0	0	1	0
MMRF_2167	0	0	0	0	0	0	0	0	0	0	0	1	0	0	0	0
MMRF_2181	0	0	0	0	0	0	1	0	0	0	0	0	0	0	0	0
MMRF_2326	0	0	0	0	0	0	0	0	1	0	0	0	0	0	0	0
MMRF_2341	0	0	0	0	1	0	0	0	NA	NA	NA	NA	NA	NA	NA	NA
MMRF_2362	0	0	0	0	1	0	0	0	NA	NA	NA	NA	NA	NA	NA	NA
MMRF_2364	0	0	0	0	0	0	0	0	0	0	0	1	0	0	0	0
MMRF_2366	0	0	0	0	0	0	0	0	NA	NA	NA	NA	NA	NA	NA	NA
MMRF_2427	0	0	0	1	1	0	0	0	NA	NA	NA	NA	NA	NA	NA	NA
MMRF_2442	0	0	0	0	0	0	0	0	0	0	0	1	0	0	0	0
MMRF_2445	0	0	0	0	0	0	0	0	0	0	0	1	0	0	0	0
MMRF_2473	0	0	0	0	0	0	0	0	0	0	0	1	0	0	0	0
MMRF_2504	0	0	0	0	0	0	0	0	NA	NA	NA	NA	NA	NA	NA	NA
MMRF_2545	0	0	0	0	1	0	0	0	NA	NA	NA	NA	NA	NA	NA	NA
MMRF_2550	0	0	0	0	0	0	0	0	NA	NA	NA	NA	NA	NA	NA	NA
MMRF_2559	1	0	0	0	0	0	0	0	NA	NA	NA	NA	NA	NA	NA	NA
MMRF_2560	0	0	0	0	0	0	0	0	NA	NA	NA	NA	NA	NA	NA	NA
MMRF_2564	0	0	0	0	0	1	0	0	NA	NA	NA	NA	NA	NA	NA	NA
MMRF_2584	0	0	0	0	1	0	0	0	NA	NA	NA	NA	NA	NA	NA	NA
MMRF_2599	0	0	0	0	0	1	0	0	0	0	0	1	0	1	0	0
MMRF_2628	0	0	0	0	0	0	0	0	NA	NA	NA	NA	NA	NA	NA	NA
MMRF_2691	0	0	0	0	0	0	0	0	0	0	0	1	0	0	0	0
MMRF_2711	0	0	0	0	0	0	0	0	NA	NA	NA	NA	NA	NA	NA	NA
MMRF_2720	0	0	0	0	0	0	0	0	NA	NA	NA	NA	NA	NA	NA	NA
MMRF_2734	0	0	0	0	0	0	0	0	NA	NA	NA	NA	NA	NA	NA	NA
MMRF_2822	0	0	0	1	0	0	0	0	NA	NA	NA	NA	NA	NA	NA	NA
MMRF_2835	1	0	0	0	0	0	0	0	NA	NA	NA	NA	NA	NA	NA	NA
MMRF_2851	0	0	0	0	1	0	0	0	NA	NA	NA	NA	NA	NA	NA	NA
MMRF_2853	0	0	0	0	0	0	0	0	NA	NA	NA	NA	NA	NA	NA	NA
